Chapter,Capítulo,
Lesson,Lección,
Quiz,Cuestionario,
Interest,Interés,
Course,Curso,
All Live Courses,Todos los Cursos Disponibles,
All Live Courses ({0}),Todos los Cursos Disponibles ({0}),
All Courses,Todos los Cursos,
Instructors,Instructores,
Completed,Completado,
Evaluation On: ,Evaluación en: ,
Under Review,Bajo Revisión,
Edit,Editar,
You have exceeded the maximum number of attempts allowed to appear for evaluations of this course.,Ha superado el número máximo de intentos permitidos para presentarse a las evaluaciones de este curso.,
"Your course is currently under review. Once the review is complete, the System Admins will publish it on the website.","Su curso está actualmente en revisión. Una vez completada la revisión, los administradores del sistema lo publicarán en el sitio web.",
Enrolled,Inscritos,
Lessons,Lecciones,
Get Certified,Obtener la certificación,
Other Courses,Otros Cursos,
Reviews,Reseñas,
Write a review,Escribir una reseña,
Review the course,Reseñar el curso,
Help us improve our course material.,Ayúdenos a mejorar el material del curso.,
Add Chapter,Añadir Capítulo,
Add Lesson,Añadir Lección,
Start Learning,Comenzar a Aprender,
Checkout Course,Ver Curso,
Have a doubt?,¿Tenés una duda?,
"Post it here, our mentors will help you out.","Publicalo acá, nuestros mentores te van a ayudar.",
Questions,Preguntas,
Ask a Question,Hacé una pregunta,
Submit for Review,Enviar a revisión,
Notify me when available,Avisame cuando esté disponible,
Manage the course,Gestionar el curso,
Continue Learning,Continuar Aprendiendo,
Apply for Certificate,Solicitar certificación,
Get Certificate,Obtener el certificado,
Pick a Slot,Elegir un horario,
This course requires you to complete an evaluation to get certified. Please pick a slot based on your convenience for the evaluations. ,"Este curso requiere que completes una evaluación para obtener la certificación. Por favor, elegí un horario según tu conveniencia para las evaluaciones. ",
Slots,Horarios,
There are no slots available on this day.,No hay horarios disponibles para este día.,
Submit,Enviar,
Course Creators,Creadores de cursos,
Mark as Complete,Marcar como completo,
Mark as Incomplete,Marcar como incompleto,
Mark as complete on moving to the next lesson,Marcar como completo al pasar a la siguiente lección,
This lesson is not available for preview. Please join the course to access it.,"Esta lección no está disponible para la vista previa. Por favor, unite al curso para acceder a ella.",
This lesson is not available for preview. As you are the Instructor of the course only you can see it.,"Esta lección no está disponible para la vista previa. Como sos el instructor del curso, solo vos podés verla.",
COMPLETED,COMPLETADO,
Type title,Escribí el título,
Type here. Use markdown to format.,Escribí acá. Usá markdown para formatear.,
Press Cmd+Enter to post your comment,Presioná Cmd+Enter para publicar tu comentario,
Cancel,Cancelar,
Post,Publicar,
other,otro,
others,otros,
Search,Buscar,
taken,realizados,
Creator,Creador,
Courses Created,Cursos Creados,
Courses Mentored,Cursos con tutoría,
Edit Profile,Editar Perfil,
Open Network,Red abierta,
Course List,Lista de cursos,
Profile,Perfil,
About,Información,
"Hey, my name is ","Hola, mi nombre es ",
Save,Guardar,
Attach,Adjuntar,
Cover Image,Imagen de portada,
Headline,Encabezado,
Log out,Cerrar sesión,
Manage your apps,Gestionar las aplicaciones,
Manage third party apps,Gestionar aplicaciones de terceros,
To manage your authorized third party apps,Gestionar las aplicaciones de terceros autorizadas,
Reset the password for your account,Restablecer la contraseña de la cuenta,
Statistics,Estadísticas,
People,Personas,
Classes,Clases,
No Classes,No hay clases,
Nothing to see here.,No hay nada para ver.,
All Classes,Todas las clases,
No Live Courses,No hay cursos,
There are no live courses on this site.,No hay cursos en este sitio.,
Upcoming,Próximos,
Live,Activos,
You haven't completed your profile.,No completaste tu perfil.,
Complete your {0} to access the courses.,Completá tu {0} para acceder a los cursos.,
Profilee,Perfil,
Not Saved,No guardado,
About the Course,Acerca del Curso,
"Access courses, join batches, and track learning progress","Accedé a cursos, unite a programas en vivo y seguí tu progreso de aprendizaje",
Activate this Google Meet account for scheduling meetings.,Activá esta cuenta de Google Meet para programar reuniones.,
Activate this Zoom account for scheduling meetings.,Activá esta cuenta de Zoom para programar reuniones.,
Active Members,Miembros Activos,
Add Course to Program,Agregar Curso al Programa,
Add Existing User as Evaluator,Agregar Usuario Existente como Evaluador,
Add New Member,Agregar Nuevo Miembro,
Add Question,Agregar Pregunta,
Add Quiz to Video,Agregar Cuestionario al Video,
Add Test Case,Agregar Caso de Prueba,
Add Transaction,Agregar Transacción,
Add a course to the batch,Agregar un curso al programa en vivo,
Add a keyword and press enter,Agregá una palabra clave y presioná enter,
Add a program,Agregar un programa,
Add a programming exercise to your lesson,Agregá un ejercicio de programación a tu lección,
Add an assignment to your lesson,Agregá una tarea a tu lección,
Add courses to your batch,Agregá cursos a tu programa en vivo,
Add new question,Agregar nueva pregunta,
Add quiz to this video,Agregar cuestionario a este video,
Add students to your batch,Agregá estudiantes a tu programa en vivo,
Add to Notes,Agregar a Notas,
Add your first chapter,Agregá tu primer capítulo,
Add your first lesson,Agregá tu primera lección,
All Batches,Todos los Programas en vivo,
All Programs,Todos los Programas,
Allow this coupon to be used for discounts.,Permitir que este cupón se use para descuentos.,
Allow users to enroll in this batch on their own.,Permitir que los usuarios se inscriban en este programa en vivo por su cuenta.,
Allow users to enroll in this course on their own.,Permitir que los usuarios se inscriban en este curso por su cuenta.,
Allow users to view their past quiz attempts.,Permitir que los usuarios vean sus intentos previos de cuestionarios.,
Announcement has been sent successfully,El anuncio fue enviado exitosamente,
Announcement is required,El anuncio es obligatorio,
Application,Solicitud,
Applications,Solicitudes,
Are you sure you want to enroll?,¿Estás seguro de que querés inscribirte?,
Are you sure you want to submit the quiz?,¿Estás seguro de que querés enviar el cuestionario?,
Ask a question to get help from the community.,Hacé una pregunta para obtener ayuda de la comunidad.,
Assign For,Asignar Para,
Assign a Badge,Asignar una Insignia,
Assigned For,Asignado Para,
Assignment Progress,Progreso de Tareas,
Assignment Question,Pregunta de Tarea,
Assignment Submission,Entrega de Tarea,
Assignment Submissions,Entregas de Tareas,
Assignment created successfully,Tarea creada exitosamente,
Assignment submitted successfully,Tarea enviada exitosamente,
Assignment updated successfully,Tarea actualizada exitosamente,
Attempted Questions,Preguntas Respondidas,
Attendance for Class - {0},Asistencia a la Clase - {0},
Attended for,Asistió durante,
Availability updated successfully,Disponibilidad actualizada exitosamente,
Available Slots,Horarios Disponibles,
Average Completion Rate,Tasa Promedio de Completado,
Average Feedback Received,Promedio de Opiniones Recibidas,
Average Progress %,Progreso Promedio %,
Average Watch Time (mins),Tiempo Promedio de Visualización (min),
Badge assignment created successfully,Insignia asignada exitosamente,
Badge assignment updated successfully,Asignación de insignia actualizada exitosamente,
Badge assignments deleted successfully,Asignaciones de insignia eliminadas exitosamente,
Badge created successfully,Insignia creada exitosamente,
Badge deleted successfully,Insignia eliminada exitosamente,
Badge updated successfully,Insignia actualizada exitosamente,
Batch End Date,Fecha de Fin del Programa en vivo,
Batch Enrollment,Inscripción al Programa en vivo,
Batch Enrollment Confirmation,Confirmación de Inscripción al Programa en vivo,
Batch Summary,Resumen del Programa en vivo,
Batch created successfully,Programa en vivo creado exitosamente,
Batch deleted successfully,Programa en vivo eliminado exitosamente,
Batch updated successfully,Programa en vivo actualizado exitosamente,
Book a free onboarding session with the Frappe team,Reservá una sesión de bienvenida gratuita con el equipo de Frappe,
"Build and manage courses, chapters, and lessons","Creá y gestioná cursos, capítulos y lecciones",
Category added successfully,Categoría agregada exitosamente,
Category created successfully,Categoría creada exitosamente,
Category deleted successfully,Categoría eliminada exitosamente,
Category updated successfully,Categoría actualizada exitosamente,
Certificate of Completion,Certificado de Completado,
Certificates generated successfully,Certificados generados exitosamente,
Certified,Certificado,
Certified Members,Miembros Certificados,
Changes saved successfully,Cambios guardados exitosamente,
Chapter added successfully,Capítulo agregado exitosamente,
Chapter deleted successfully,Capítulo eliminado exitosamente,
Chapter moved successfully,Capítulo movido exitosamente,
Chapter updated successfully,Capítulo actualizado exitosamente,
Charge a fee for batch enrollment.,Cobrar una tarifa por la inscripción al programa en vivo.,
Charge a fee for course access.,Cobrar una tarifa por el acceso al curso.,
Charge a fee for the certificate.,Cobrar una tarifa por el certificado.,
Check All Submissions,Revisar Todas las Entregas,
Check Submission,Revisar Entrega,
Check Submissions,Revisar Entregas,
Choose an existing question,Elegir una pregunta existente,
Comma separated keywords,Palabras clave separadas por coma,
Comma separated keywords for SEO,Palabras clave separadas por coma para SEO,
Comments by Evaluator,Comentarios del Evaluador,
Compiler Message,Mensaje del Compilador,
Complete your profile,Completá tu perfil,
Completion Rate,Tasa de Completado,
Conferencing,Videoconferencia,
Conferencing Provider,Proveedor de Videoconferencia,
Confirm Cancellation?,¿Confirmar Cancelación?,
Confirm Enrollment,Confirmar Inscripción,
Confirm Your Action,Confirmá tu Acción,
Confirm clearing demo data?,¿Confirmar limpieza de datos de demostración?,
Confirm your action to delete,Confirmá tu acción para eliminar,
Coupon Details,Detalles del Cupón,
Coupon created successfully,Cupón creado exitosamente,
Coupon deleted successfully,Cupón eliminado exitosamente,
Coupon(s) deleted successfully,Cupón(es) eliminado(s) exitosamente,
Course Completions,Cursos Completados,
Course Enrollment,Inscripción al Curso,
Course Enrollments,Inscripciones al Curso,
Course Outline,Programa del Curso,
Course Progress,Progreso del Curso,
Course added to batch successfully,Curso agregado al programa en vivo exitosamente,
Course added to program successfully,Curso agregado al programa exitosamente,
Course already added to program,El curso ya fue agregado al programa,
Course created successfully,Curso creado exitosamente,
Course deleted successfully,Curso eliminado exitosamente,
Course updated successfully,Curso actualizado exitosamente,
Courses in this Program,Cursos en este Programa,
Create Course,Crear Curso,
Create Lesson,Crear Lección,
Create Program,Crear Programa,
Create Programming Exercise,Crear Ejercicio de Programación,
Create a Quiz,Crear un Cuestionario,
Create a batch,Crear un programa en vivo,
Create a course,Crear un curso,
Create a live class,Crear una clase en vivo,
Create a new Badge,Crear una nueva Insignia,
Create an Assignment,Crear una Tarea,
Create your first batch,Creá tu primer programa en vivo,
Create your first course,Creá tu primer curso,
Create your first quiz,Creá tu primer cuestionario,
Creating a batch,Creando un programa en vivo,
Creating a course,Creando un curso,
Current Streak,Racha Actual,
Curriculum,Plan de Estudios,
Custom Certificate Templates,Plantillas Personalizadas de Certificados,
Deduct marks for incorrect answers.,Descontar puntos por respuestas incorrectas.,
Delete Chapter,Eliminar Capítulo,
Delete Course,Eliminar Curso,
Delete Program,Eliminar Programa,
Delete this chapter?,¿Eliminar este capítulo?,
Delete this coupon?,¿Eliminar este cupón?,
Delete this lesson?,¿Eliminar esta lección?,
Demo data cleared successfully,Datos de demostración limpiados exitosamente,
Details cannot be empty.,Los detalles no pueden estar vacíos.,
Display correct answers after each question is attempted.,Mostrar las respuestas correctas después de cada pregunta respondida.,
Each user can only receive this badge one time.,Cada usuario solo puede recibir esta insignia una vez.,
Edit Assignment,Editar Tarea,
Edit Badge,Editar Insignia,
Edit Badge Assignment,Editar Asignación de Insignia,
Edit Coupon,Editar Cupón,
Edit Email Template,Editar Plantilla de Email,
Edit Google Meet Account,Editar Cuenta de Google Meet,
Edit Lesson,Editar Lección,
Edit Payment Gateway,Editar Pasarela de Pago,
Edit Program,Editar Programa,
Edit Programming Exercise,Editar Ejercicio de Programación,
Edit Question,Editar Pregunta,
Edit Zoom Account,Editar Cuenta de Zoom,
Email Template created successfully,Plantilla de email creada exitosamente,
Email Template updated successfully,Plantilla de email actualizada exitosamente,
Email Templates deleted successfully,Plantillas de email eliminadas exitosamente,
Email is required,El email es obligatorio,
Enable Negative Marking,Habilitar Puntuación Negativa,
Enable evaluations for batch participants.,Habilitar evaluaciones para los participantes del programa en vivo.,
Ended,Finalizado,
Enforce Course Order,Forzar Orden del Curso,
Enroll,Inscribirse,
Enroll Member to Program,Inscribir Miembro al Programa,
Enroll a Student,Inscribir un Estudiante,
Enrolled On,Inscrito el,
Enrollment Confirmation Email Template,Plantilla de Email de Confirmación de Inscripción,
Enrollment for Program {0},Inscripción al Programa {0},
Enter a Coupon Code,Ingresá un Código de Cupón,
Enter email subject,Ingresá el asunto del email,
Enter reply to email,Ingresá la respuesta al email,
Error Uploading File,Error al Subir Archivo,
Error creating Google Meet Account,Error al crear Cuenta de Google Meet,
Error creating Zoom Account,Error al crear Cuenta de Zoom,
Error creating badge,Error al crear insignia,
Error creating email template,Error al crear plantilla de email,
Error creating quiz: {0},Error al crear cuestionario: {0},
Error deleting Google Meet Account,Error al eliminar Cuenta de Google Meet,
Error deleting badge,Error al eliminar insignia,
Error deleting email templates,Error al eliminar plantillas de email,
Error deleting payment gateways,Error al eliminar pasarelas de pago,
Error updating Google Meet Account,Error al actualizar Cuenta de Google Meet,
Error updating Zoom Account,Error al actualizar Cuenta de Zoom,
Error updating email template,Error al actualizar plantilla de email,
Evaluation cancelled successfully,Evaluación cancelada exitosamente,
Evaluator added successfully,Evaluador agregado exitosamente,
Evaluator deleted successfully,Evaluador eliminado exitosamente,
Exercise deleted successfully,Ejercicio eliminado exitosamente,
Existing User,Usuario Existente,
Expected Output,Resultado Esperado,
Failed to create badge assignment: ,Error al asignar insignia: ,
Failed to enroll in program: {0},Error al inscribirse en el programa: {0},
Failed to refresh session,Error al actualizar la sesión,
Failed to send email,Error al enviar el email,
Failed to submit. Please try again. {0},Error al enviar. Por favor intentá de nuevo. {0},
Failed to update badge assignment: ,Error al actualizar asignación de insignia: ,
Failed to update meta tags {0},Error al actualizar meta tags {0},
Filter assignments by course,Filtrar tareas por curso,
Filter by Billing Name,Filtrar por Nombre de Facturación,
Filter by Exercise,Filtrar por Ejercicio,
Filter by Member,Filtrar por Miembro,
Filter by Status,Filtrar por Estado,
Gateway,Pasarela de Pago,
Generate Certificates,Generar Certificados,
GitHub ID,ID de GitHub,
Google Meet,Google Meet,
Google Meet Account,Cuenta de Google Meet,
Google Meet Account created successfully,Cuenta de Google Meet creada exitosamente,
Google Meet Account deleted successfully,Cuenta de Google Meet eliminada exitosamente,
Google Meet Account updated successfully,Cuenta de Google Meet actualizada exitosamente,
Grading,Calificación,
Grant Only Once,Otorgar Solo Una Vez,
Help us improve by providing your feedback.,Ayudanos a mejorar dándonos tu opinión.,
Help us understand your needs,Ayudanos a entender tus necesidades,
Highlight the course on the homepage.,Destacar el curso en la página principal.,
Highlight what makes you unique and show your skills.,Destacá lo que te hace único y mostrá tus habilidades.,
Hiring,Búsquedas Laborales,
Hybrid,Híbrido,
Import Batch,Importar Programa en vivo,
Import Course,Importar Curso,
Include in Preview,Incluir en la Vista Previa,
Input,Entrada,
Install,Instalar,
Install Frappe Learning,Instalar Frappe Learning,
Invite your team and students,Invitá a tu equipo y estudiantes,
Issue a Certificate,Emitir un Certificado,
Issue a certificate on course completion.,Emitir un certificado al completar el curso.,
Issue certificates to batch participants.,Emitir certificados a los participantes del programa en vivo.,
Join Call,Unirse a la Llamada,
Joined at,Se unió a las,
Jump to,Ir a,
"Keep going,","Seguí así,",
Learning Consistency,Constancia de Aprendizaje,
Learning Paths,Rutas de Aprendizaje,
Left at,Se fue a las,
Lesson Completion,Lección Completada,
Lesson Index,Índice de Lección,
Lesson Progress,Progreso de la Lección,
Lesson created successfully,Lección creada exitosamente,
Lesson deleted successfully,Lección eliminada exitosamente,
Lesson moved successfully,Lección movida exitosamente,
Lesson updated successfully,Lección actualizada exitosamente,
Longest Streak,Racha Más Larga,
Looking for new work or hiring talent?,¿Buscás trabajo nuevo o querés contratar talento?,
Make notes for quick revision. Press / for menu.,Hacé notas para repasar rápido. Presioná / para el menú.,
Make the batch visible to all users.,Hacer el programa en vivo visible para todos los usuarios.,
Make the course visible to all users.,Hacer el curso visible para todos los usuarios.,
Make this certificate visible to the participant.,Hacer este certificado visible para el participante.,
"Manage batches, review and grade submissions","Gestioná programas en vivo, revisá y calificá entregas",
Manage your courses and batches at a glance,Gestioná tus cursos y programas en vivo de un vistazo,
Mark for review,Marcar para revisión,
Mark the payment as received.,Marcar el pago como recibido.,
Mark this option as a correct answer.,Marcar esta opción como respuesta correcta.,
Marks to Deduct,Puntos a Descontar,
Maximum Attempts,Intentos Máximos,
Member Consent,Consentimiento del Miembro,
Member added successfully,Miembro agregado exitosamente,
Member added to program successfully,Miembro agregado al programa exitosamente,
Member already added to program,El miembro ya fue agregado al programa,
Message is required,El mensaje es obligatorio,
Meta Keywords,Meta Palabras Clave,
Meta Tags,Etiquetas Meta,
Modified,Modificado,
Monetization,Monetización,
My Batches,Mis Programas en vivo,
My Courses,Mis Cursos,
My Notes,Mis Notas,
New Coupon,Nuevo Cupón,
New Email Template,Nueva Plantilla de Email,
New Evaluator,Nuevo Evaluador,
New Google Meet Account,Nueva Cuenta de Google Meet,
New Lesson,Nueva Lección,
New Payment Gateway,Nueva Pasarela de Pago,
New Zoom Account,Nueva Cuenta de Zoom,
No Assignments,Sin Tareas,
No Quiz submissions found,No se encontraron entregas de cuestionarios,
No Submissions,Sin Entregas,
No announcements have been made yet for this batch,Todavía no se hicieron anuncios para este programa en vivo,
No assessments added to this batch,No se agregaron evaluaciones a este programa en vivo,
No coupons created yet.,Todavía no se crearon cupones.,
No coupons selected for deletion,No se seleccionaron cupones para eliminar,
No courses added to this batch,No se agregaron cursos a este programa en vivo,
No courses added yet.,Todavía no se agregaron cursos.,
No feedback received yet.,Todavía no se recibieron opiniones.,
No members added yet.,Todavía no se agregaron miembros.,
No members found.,No se encontraron miembros.,
No programs found in this category.,No se encontraron programas en esta categoría.,
No questions added yet,Todavía no se agregaron preguntas,
No quizzes added yet.,Todavía no se agregaron cuestionarios.,
No read notifications,No hay notificaciones leídas,
No results found,No se encontraron resultados,
No slots available for the selected course.,No hay horarios disponibles para el curso seleccionado.,
No statistics available for this video.,No hay estadísticas disponibles para este video.,
No students in this batch,No hay estudiantes en este programa en vivo,
No submissions,Sin entregas,
No unread notifications,No hay notificaciones sin leer,
Notifications you have read will appear here.,Las notificaciones que hayas leído aparecerán acá.,
Number of Students,Cantidad de Estudiantes,
On site,Presencial,
Only PDF files are allowed.,Solo se permiten archivos PDF.,
Only document file of type .doc or .docx are allowed.,Solo se permiten archivos de tipo .doc o .docx.,
Only show assignments from the current course,Solo mostrar tareas del curso actual,
Only show batches that offer a certificate,Solo mostrar programas en vivo que ofrezcan certificado,
Only show courses that offer a certificate,Solo mostrar cursos que ofrezcan certificado,
Only zip files are allowed,Solo se permiten archivos zip,
Only {0} file is allowed.,Solo se permite {0} archivo.,
Open,Abierto,
Open the ,Abrir el ,
Open to,Abierto a,
Open to Work,Disponible para Trabajar,
Our Popular Courses,Nuestros Cursos Populares,
Our Upcoming Batches,Nuestros Próximos Programas en vivo,
"Oversee all users, content, and system settings","Supervisá todos los usuarios, contenido y configuración del sistema",
Page deleted successfully,Página eliminada exitosamente,
Paid Certificate,Certificado Pago,
Paid Certificate after Evaluation,Certificado Pago después de Evaluación,
Payment For Certificate,Pago por Certificado,
Payment For Document,Pago por Documento,
Payment For Document Type,Pago por Tipo de Documento,
Payment for ,Pago por ,
Payment for Certificate,Pago por Certificado,
Payment gateways deleted successfully,Pasarelas de pago eliminadas exitosamente,
Please complete the previous course to unlock this one.,Por favor completá el curso anterior para desbloquear este.,
Please enroll for this course to view this lesson,Por favor inscribite en este curso para ver esta lección,
Please enter a coupon code,Por favor ingresá un código de cupón,
Please enter a title.,Por favor ingresá un título.,
Please enter a valid time in the format HH:mm.,Por favor ingresá una hora válida en formato HH:mm.,
Please enter a valid timestamp,Por favor ingresá una marca de tiempo válida,
Please fill the mandatory fields: {0},Por favor completá los campos obligatorios: {0},
Please make sure to schedule your evaluation before this date.,Asegurate de programar tu evaluación antes de esta fecha.,
Please provide your consent to proceed with the payment,Por favor dá tu consentimiento para proceder con el pago,
Please provide your consent to proceed with the payment.,Por favor dá tu consentimiento para proceder con el pago.,
Please run the code to execute the test cases.,Ejecutá el código para correr los casos de prueba.,
Please select a course,Por favor seleccioná un curso,
Please select a course to view available slots.,Por favor seleccioná un curso para ver los horarios disponibles.,
Please select a date.,Por favor seleccioná una fecha.,
Please select a duration.,Por favor seleccioná una duración.,
Please select a future date and time.,Por favor seleccioná una fecha y hora futura.,
Please select a member,Por favor seleccioná un miembro,
Please select a payment for the purchased certificate.,Por favor seleccioná un pago para el certificado comprado.,
Please select a quiz,Por favor seleccioná un cuestionario,
Please select a slot for your evaluation.,Por favor seleccioná un horario para tu evaluación.,
Please select a student to enroll.,Por favor seleccioná un estudiante para inscribir.,
Please select a time.,Por favor seleccioná una hora.,
Please select a timezone.,Por favor seleccioná una zona horaria.,
Please select a user,Por favor seleccioná un usuario,
Please select an option,Por favor seleccioná una opción,
Please upload a SCORM package,Por favor subí un paquete SCORM,
Possibilities,Posibilidades,
Powered by Frappe Learning,Desarrollado con Frappe Learning,
Press enter to search,Presioná enter para buscar,
Pricing and Certification,Precios y Certificación,
Problem Statement,Enunciado del Problema,
Program,Programa,
Program Member,Miembro del Programa,
Program created successfully,Programa creado exitosamente,
Program deleted successfully,Programa eliminado exitosamente,
Program updated successfully,Programa actualizado exitosamente,
Programming Exercise,Ejercicio de Programación,
Programming Exercise Progress,Progreso del Ejercicio de Programación,
Programming Exercise Submission,Entrega del Ejercicio de Programación,
Programming Exercise Submissions,Entregas de Ejercicios de Programación,
Programming Exercise created successfully,Ejercicio de Programación creado exitosamente,
Programming Exercise deleted successfully,Ejercicio de Programación eliminado exitosamente,
Programming Exercise updated successfully,Ejercicio de Programación actualizado exitosamente,
Programming Exercises,Ejercicios de Programación,
Programs,Programas,
Progress Distribution,Distribución de Progreso,
Progress Summary,Resumen de Progreso,
Progress Summary for {0},Resumen de Progreso de {0},
Progress of students in courses and assessments,Progreso de los estudiantes en cursos y evaluaciones,
Publishing Settings,Configuración de Publicación,
Purchased Certificate,Certificado Comprado,
Questions marked for review,Preguntas marcadas para revisión,
Quiz Progress,Progreso del Cuestionario,
Quizzes deleted successfully,Cuestionarios eliminados exitosamente,
Quizzes in this video,Cuestionarios en este video,
Randomize the order of questions for each attempt.,Aleatorizar el orden de las preguntas en cada intento.,
Redemption Count,Cantidad de Usos,
Redemptions Count,Cantidad de Canjes,
Remote,Remoto,
Remove Highlight,Quitar Destacado,
Reply To is required,Responder A es obligatorio,
Reply cannot be empty.,La respuesta no puede estar vacía.,
Resume Video,Reanudar Video,
Resume where you left off,Retomá donde lo dejaste,
Role updated successfully,Rol actualizado exitosamente,
SCORM Package,Paquete SCORM,
SVG contains potentially unsafe content.,El SVG contiene contenido potencialmente inseguro.,
Schedule an evaluation to get certified.,Programá una evaluación para obtener la certificación.,
Schedule your evaluation,Programá tu evaluación,
Search by Member,Buscar por Miembro,
Search by Name,Buscar por Nombre,
Search by Title,Buscar por Título,
Search by name,Buscar por nombre,
Search by title,Buscar por título,
Search for ,Buscar ,
See all,Ver todo,
Select Date,Seleccionar Fecha,
Select Payment Gateway,Seleccionar Pasarela de Pago,
Select User,Seleccionar Usuario,
Select a Programming Exercise,Seleccionar un Ejercicio de Programación,
Select an Assignment,Seleccionar una Tarea,
Select from questions you have already created,Seleccioná de las preguntas que ya creaste,
Send Email to {0},Enviar Email a {0},
Session End Time,Hora de Fin de Sesión,
Session Start Time,Hora de Inicio de Sesión,
Session refreshed successfully,Sesión actualizada exitosamente,
Setting up payment gateway,Configurando pasarela de pago,
Short Description,Descripción Corta,
Slot added successfully,Horario agregado exitosamente,
Slot deleted successfully,Horario eliminado exitosamente,
Sort by,Ordenar por,
Start the Quiz,Comenzar el Cuestionario,
Status/Percentage,Estado/Porcentaje,
Student Progress,Progreso del Estudiante,
Student enrolled successfully,Estudiante inscrito exitosamente,
Submission Type,Tipo de Entrega,
Submission by,Entrega de,
Submission saved!,¡Entrega guardada!,
Submissions,Entregas,
Submissions deleted successfully,Entregas eliminadas exitosamente,
Submit Feedback,Enviar Opinión,
Submit and Continue,Enviar y Continuar,
Successfully enrolled in program,Inscripción al programa exitosa,
Swatches,Muestras de Color,
Tap,Tocá,
Test Cases,Casos de Prueba,
Test Quiz,Probar Cuestionario,
Test this Exercise,Probar este Ejercicio,
Test {0},Prueba {0},
Thank you for providing your feedback.,Gracias por darnos tu opinión.,
The last day to schedule your evaluations is ,El último día para programar tus evaluaciones es ,
There are no submissions for this assignment.,No hay entregas para esta tarea.,
This badge has not been assigned to any students yet,Esta insignia todavía no fue asignada a ningún estudiante,
This class has ended,Esta clase ha finalizado,
This lesson is locked,Esta lección está bloqueada,
This payment is for a certificate.,Este pago es por un certificado.,
This program consists of {0} courses,Este programa consta de {0} cursos,
This video contains {0} {1}:,Este video contiene {0} {1}:,
Time for a Quiz,Hora del Cuestionario,
Time in Video,Tiempo en el Video,
Time in Video (minutes),Tiempo en el Video (minutos),
Time in video exceeds the total duration of the video.,El tiempo en el video excede la duración total del video.,
Title cannot be empty.,El título no puede estar vacío.,
Total Questions,Total de Preguntas,
Transaction created successfully,Transacción creada exitosamente,
Transaction updated successfully,Transacción actualizada exitosamente,
Twitter ID,ID de Twitter,
Unable to add evaluator,No se pudo agregar el evaluador,
Unable to add member,No se pudo agregar el miembro,
Unable to create category,No se pudo crear la categoría,
Unattempted Questions,Preguntas Sin Responder,
Unavailability updated successfully,Indisponibilidad actualizada exitosamente,
Unpublished,No Publicado,
Upcoming Live Classes,Próximas Clases en Vivo,
Updated On,Actualizado el,
Upload Assignment,Subir Tarea,
Usage Limit,Límite de Uso,
Use HTML content for the email response,Usar contenido HTML para la respuesta del email,
Video Statistics,Estadísticas del Video,
View Applications,Ver Solicitudes,
View Resume,Ver Currículum,
View all feedback,Ver todas las opiniones,
Visit Website,Visitar Sitio Web,
Watch Time (mins),Tiempo de Visualización (min),
Web page added to sidebar,Página web agregada a la barra lateral,
What are Instructor Notes?,¿Qué son las Notas del Instructor?,
What best describes your role?,¿Qué describe mejor tu rol?,
What is your use case for Frappe Learning?,¿Cuál es tu caso de uso para Frappe Learning?,
Work Mode,Modalidad de Trabajo,
You,Vos,
"You can do better,","Podés mejorar,",
You can only upload {0} files,Solo podés subir {0} archivos,
You cannot change the roles in read-only mode.,No podés cambiar los roles en modo de solo lectura.,
You have applied,Ya te postulaste,
You have not received any certificates yet.,Todavía no recibiste ningún certificado.,
You have {0} upcoming {1} and {2} {3} scheduled.,Tenés {0} {1} próximos y {2} {3} programados.,
You have {0} upcoming {1}.,Tenés {0} {1} próximos.,
You have {0} {1} scheduled.,Tenés {0} {1} programados.,
"You rock,","¡Sos un genio,",
You will have to complete the quiz to continue the video,Tenés que completar el cuestionario para continuar el video,
Your Output,Tu Resultado,
Your browser does not support the video tag.,Tu navegador no soporta la etiqueta de video.,
Your enrollment in {{ batch_name }} is confirmed,Tu inscripción en {{ batch_name }} está confirmada,
Zen Mode,Modo Zen,
Zoom,Zoom,
Zoom Account,Cuenta de Zoom,
Zoom Account created successfully,Cuenta de Zoom creada exitosamente,
Zoom Account updated successfully,Cuenta de Zoom actualizada exitosamente,
Zoom account deleted successfully,Cuenta de Zoom eliminada exitosamente,
and then ,y luego ,
applicant,postulante,
applicants,postulantes,
at {0} minutes,a los {0} minutos,
average rating,calificación promedio,
day streak,días de racha,
"e.g. IST, UTC, GMT...","ej. ART, UTC, GMT...",
enrolled student,estudiante inscrito,
enrolled students,estudiantes inscritos,
evaluations,evaluaciones,
in the last,en los últimos,
live class,clase en vivo,
live classes,clases en vivo,
match,coincidencia,
matches,coincidencias,
to view your feedback.,para ver tu opinión.,
weeks,semanas,
you are on a,estás en una,
{0} Assignments,{0} Tareas,
{0} Exercises,{0} Ejercicios,
{0} Quizzes,{0} Cuestionarios,
{0} Submissions,{0} Entregas,
{0} {1},{0} {1},
{0} {1} Jobs,{0} {1} Empleos,
Add a chapter,Agregar un capítulo,
Add a lesson,Agregar una lección,
Add an assessment,Agregar una evaluación,
Add a quiz to your lesson,Agregá un cuestionario a tu lección,
Add web page to sidebar,Agregar página web a la barra lateral,
Allow Self Enrollment,Permitir Inscripción Propia,
Amount,Monto,
Amount with GST,Monto con IVA,
Announcement,Anuncio,
Announcements,Anuncios,
Answer,Respuesta,
Applicable For,Aplicable Para,
Applied On,Aplicado el,
Apply,Aplicar,
Apply for this job,Postularse para este empleo,
Apps,Aplicaciones,
Archived,Archivado,
Assessment,Evaluación,
Assessment added successfully,Evaluación agregada exitosamente,
Assessments,Evaluaciones,
Assign To,Asignar A,
Assignment,Tarea,
Assignments,Tareas,
Authorize Google Calendar Access,Autorizar Acceso a Google Calendar,
Auto Recording,Grabación Automática,
Average Rating,Calificación Promedio,
Back to Course,Volver al Curso,
Badge,Insignia,
Batch,Programa en vivo,
Batch Details,Detalles del Programa en vivo,
Batch Start Date,Fecha de Inicio del Programa en vivo,
Batches,En vivo,
Billing Details,Detalles de Facturación,
Billing Name,Nombre de Facturación,
Bio,Biografía,
Buy this course,Comprar este curso,
Category,Categoría,
Category Name,Nombre de Categoría,
Certificate saved successfully,Certificado guardado exitosamente,
Certificates,Certificados,
Certification,Certificación,
Chapters,Capítulos,
Check,Revisar,
Checkout Courses,Ver Cursos,
Choose all answers that apply,Elegí todas las respuestas correctas,
Choose an icon,Elegí un ícono,
Choose one answer,Elegí una respuesta,
City,Ciudad,
Clear,Limpiar,
Click here,Hacé clic acá,
Client ID,ID de Cliente,
Client Secret,Secreto del Cliente,
Close,Cerrar,
Closed,Cerrado,
Code,Código,
Collapse,Colapsar,
Color,Color,
Comments,Comentarios,
Community,Comunidad,
Company Details,Detalles de la Empresa,
Company Email Address,Email de la Empresa,
Company Logo,Logo de la Empresa,
Company Name,Nombre de la Empresa,
Company Website,Sitio Web de la Empresa,
Complete,Completar,
Completion Certificate,Certificado de Completado,
Condition,Condición,
Configuration,Configuración,
Confirm,Confirmar,
Contact Us,Contactanos,
Contact the Administrator to enroll for this course,Contactá al Administrador para inscribirte en este curso,
Contact the Administrator to enroll for this course.,Contactá al Administrador para inscribirte en este curso.,
Content,Contenido,
Contract,Contrato,
Correct,Correcto,
Correct Answer,Respuesta Correcta,
Country,País,
Coupon Code,Código de Cupón,
Course Creator,Creador del Curso,
Course Description,Descripción del Curso,
Course Image,Imagen del Curso,
Courses,Cursos,
Courses deleted successfully,Cursos eliminados exitosamente,
Create,Crear,
Create New,Crear Nuevo,
Create a Live Class,Crear una Clase en Vivo,
Created,Creado,
Currency,Moneda,
Dashboard,Panel de Control,
Data Import,Importación de Datos,
Date,Fecha,
Day,Día,
Delete,Eliminar,
Description,Descripción,
Desk,Escritorio,
Details,Detalles,
Disabled,Deshabilitado,
Discard,Descartar,
Discount,Descuento,
Discount Amount,Monto de Descuento,
Discount Percentage,Porcentaje de Descuento,
Discount Type,Tipo de Descuento,
Discussions,Discusiones,
Document Name,Nombre del Documento,
Document Type,Tipo de Documento,
Duration (in minutes),Duración (en minutos),
Email,Email,
Email ID,ID de Email,
Email sent successfully,Email enviado exitosamente,
Enabled,Habilitado,
End Date,Fecha de Fin,
End Time,Hora de Fin,
Enroll Now,Inscribirse Ahora,
Enrolled Students,Estudiantes Inscritos,
Enrollments,Inscripciones,
Enter a URL,Ingresá una URL,
Evaluation,Evaluación,
Evaluation End Date,Fecha de Fin de Evaluación,
Evaluation saved successfully,Evaluación guardada exitosamente,
Evaluator,Evaluador,
Event,Evento,
Example: IST (+5:30),Ejemplo: ART (-3:00),
Exercise,Ejercicio,
Expand,Expandir,
Expires On,Expira el,
Expiry Date,Fecha de Vencimiento,
Explanation,Explicación,
Fail,Desaprobado,
Failed,Fallido,
Featured,Destacado,
Feedback,Opinión,
Feel free to make edits to your submission if needed.,Podés hacer cambios en tu entrega si lo necesitás.,
First Name,Nombre,
Freelance,Freelance,
From,Desde,
Full Name,Nombre Completo,
Full Time,Tiempo Completo,
GST Amount,Monto de IVA,
GST Number,Número de IVA,
GSTIN,CUIT,
Google Calendar,Google Calendar,
Grade,Calificación,
Hey,Hola,
Highlight,Destacado,
Home,Inicio,
I am unavailable,No estoy disponible,
ID,ID,
Icon,Ícono,
Image search powered by,Búsqueda de imágenes con,
Import,Importar,
In Progress,En Progreso,
Incorrect,Incorrecto,
Instructor Notes,Notas del Instructor,
Introduction,Introducción,
Issue Date,Fecha de Emisión,
Issued On,Emitido el,
Issued on,Emitido el,
Job,Empleo,
Job Details,Detalles del Empleo,
Jobs,Empleos,
Join,Unirse,
Join Meeting,Unirse a la Reunión,
Language,Idioma,
Last Name,Apellido,
Limit Questions To,Limitar Preguntas A,
LinkedIn,LinkedIn,
LinkedIn ID,ID de LinkedIn,
Live Class,Clase en Vivo,
Load More,Cargar Más,
Login,Iniciar Sesión,
Login to Frappe Cloud?,¿Iniciar sesión en Frappe Cloud?,
Login to apply,Iniciá sesión para postularte,
Make an Announcement,Hacer un Anuncio,
Mark,Nota,
Mark all as read,Marcar todo como leído,
Marks,Notas,
Marks out of,Notas sobre,
Max Attempts,Intentos Máximos,
Medium,Medio,
Member,Miembro,
Members,Miembros,
Message,Mensaje,
Meta Description,Meta Descripción,
Meta Image,Meta Imagen,
Moderator,Moderador,
More,Más,
My Profile,Mi Perfil,
My availability,Mi disponibilidad,
My calendar,Mi calendario,
Name,Nombre,
New,Nuevo,
New Batch,Nuevo Programa en vivo,
New Course,Nuevo Curso,
New Job,Nuevo Empleo,
New Question,Nueva Pregunta,
New {0},Nuevo {0},
Next,Siguiente,
No courses created,No hay cursos creados,
No introduction,Sin introducción,
No live classes scheduled,No hay clases en vivo programadas,
No {0},No hay {0},
Not Permitted,No Permitido,
Notes,Notas,
Number of seats available,Cantidad de vacantes disponibles,
Offline,Offline,
Online,Online,
Option,Opción,
Options,Opciones,
Order ID,ID de Pedido,
Original Amount,Monto Original,
Overview,Resumen,
Owner,Propietario,
PAN,PAN,
PAN Number,Número de PAN,
Paid Batch,Programa en vivo Pago,
Paid Course,Curso Pago,
Part Time,Medio Tiempo,
Pass,Aprobado,
Passed,Aprobado,
Passing Percentage,Porcentaje de Aprobación,
Payment,Pago,
Payment Details,Detalles del Pago,
Payment ID,ID de Pago,
Payment Received,Pago Recibido,
Pending,Pendiente,
Percentage,Porcentaje,
Phone Number,Número de Teléfono,
Please let us know where you heard about us from.,Contanos cómo nos conociste.,
Please login to access the quiz.,Por favor iniciá sesión para acceder al cuestionario.,
Possibility,Posibilidad,
Preview Video,Vista Previa del Video,
Previous,Anterior,
Pricing,Precios,
Proceed to Payment,Proceder al Pago,
Profile Image,Imagen de Perfil,
Progress,Progreso,
Progress (%),Progreso (%),
Published,Publicado,
Published Courses,Cursos Publicados,
Published On,Publicado el,
Question,Pregunta,
Question added successfully,Pregunta agregada exitosamente,
Question updated successfully,Pregunta actualizada exitosamente,
Question {0},Pregunta {0},
Questions deleted successfully,Preguntas eliminadas exitosamente,
Quiz Submission,Entrega de Cuestionario,
Quiz Submissions,Entregas de Cuestionarios,
Quiz Summary,Resumen del Cuestionario,
Quiz created successfully,Cuestionario creado exitosamente,
Quiz updated successfully,Cuestionario actualizado exitosamente,
Quizzes,Cuestionarios,
Rating,Calificación,
Register Now,Registrarse Ahora,
Related Courses,Cursos Relacionados,
Remove,Eliminar,
Reply To,Responder A,
Review,Revisión,
Roles,Roles,
Run,Ejecutar,
Running,Ejecutando,
Score,Puntaje,
Search...,Buscar...,
Seat Count,Cantidad de Vacantes,
Seat Left,Vacante Restante,
Seats Left,Vacantes Restantes,
Select a question,Seleccionar una pregunta,
Select a quiz,Seleccionar un cuestionario,
Send,Enviar,
Send Email,Enviar Email,
Set Color,Elegir Color,
Setting up,Configurando,
Settings,Configuración,
Share on,Compartir en,
Short Introduction,Introducción Breve,
Short description of the batch,Descripción breve del programa en vivo,
Show Answers,Mostrar Respuestas,
Show Submission History,Mostrar Historial de Entregas,
Shuffle Questions,Mezclar Preguntas,
Skip,Omitir,
Sold Out,Agotado,
Source,Fuente,
Start,Comenzar,
Start Date,Fecha de Inicio,
Start Time,Hora de Inicio,
State/Province,Provincia,
Status,Estado,
Student,Estudiante,
Student Reviews,Reseñas de Estudiantes,
Students,Estudiantes,
Subject,Asunto,
Subject is required,El asunto es obligatorio,
Submission,Entrega,
Summary,Resumen,
Tags,Etiquetas,
Template,Plantilla,
This course has:,Este curso tiene:,
This quiz consists of {0} questions.,Este cuestionario consta de {0} preguntas.,
Time,Tiempo,
Timezone,Zona Horaria,
Title,Título,
Title is required,El título es obligatorio,
To,Hasta,
Total,Total,
Total Marks,Notas Totales,
Training Feedback,Opinión del Capacitación,
Transaction Details,Detalles de la Transacción,
Try Again,Intentar de Nuevo,
Twitter,Twitter,
Type,Tipo,
Type ,Escribí ,
Type your answer,Escribí tu respuesta,
Update,Actualizar,
Upload,Subir,
Upload File,Subir Archivo,
Uploading,Subiendo,
Uploading {0}%,Subiendo {0}%,
Use HTML,Usar HTML,
User,Usuario,
View Certificate,Ver Certificado,
Write a Review,Escribir una Reseña,
Write your answer here,Escribí tu respuesta acá,
You are not permitted to access this page.,No tenés permiso para acceder a esta página.,
You can attempt this quiz {0}.,Podés intentar este cuestionario {0}.,
You have been enrolled in this batch,Fuiste inscrito en este programa en vivo,
You have been enrolled in this course,Fuiste inscrito en este curso,
You need to login first to enroll for this course,Primero tenés que iniciar sesión para inscribirte en este curso,
Your calendar is set.,Tu calendario está configurado.,
Upcoming Evaluations,Próximas Evaluaciones,
activities,actividades,
activity,actividad,
and,y,
certificate,certificado,
certificates,certificados,
completed,completado,
course,curso,
courses,cursos,
days,días,
lesson,lección,
lessons,lecciones,
member,miembro,
members,miembros,
minutes,minutos,
of,de,
question_detail,detalle_de_pregunta,
rating,calificación,
saving...,guardando...,
students,estudiantes,
to close,para cerrar,
to navigate,para navegar,
to select,para seleccionar,
Where did you hear about us?,¿Cómo nos conociste?,
Account ID,ID de Cuenta,
Account Name,Nombre de Cuenta,
Achievements,Logros,
Add,Agregar,
Add Row,Agregar Fila,
Add Slot,Agregar Horario,
Address,Dirección,
Address Line 1,Dirección Línea 1,
Address Line 2,Dirección Línea 2,
All,Todos,
Batch Details Raw,Detalles del Programa en vivo Sin Formato,
Postal Code,Código Postal,
Add a Chapter,Agregar un Capítulo,
Add a Lesson,Agregar una Lección,
Already Registered,Ya Registrado,
Batch has already started.,El programa en vivo ya comenzó.,
Batch is sold out.,El programa en vivo está agotado.,
Business Owner,Dueño de Negocio,
Cannot search for roles: {0},No se pueden buscar roles: {0},
Change,Cambiar,
Check out the {0} to know more about certification.,Consultá el {0} para saber más sobre la certificación.,
Courses Completed,Cursos Completados,
Create a Course,Crear un Curso,
Deletion not allowed for {0},No se permite eliminar {0},
Edit Chapter,Editar Capítulo,
Employee,Empleado,
Enrollment Count,Cantidad de Inscripciones,
Explore More,Explorar Más,
Free,Gratis,
Freelancer/Just looking,Freelancer/Solo mirando,
Get Started,Comenzar,
Have an account? Login,¿Ya tenés cuenta? Iniciá sesión,
Hello,Hola,
Help,Ayuda,
Help others learn something new by creating a course.,Ayudá a otros a aprender algo nuevo creando un curso.,
Instructors Comments,Comentarios del Instructor,
Invalid course or chapter name,Nombre de curso o capítulo inválido,
Invalid document name,Nombre de documento inválido,
Invalid file path in package,Ruta de archivo inválida en el paquete,
Lessons Completed,Lecciones Completadas,
Lets start setting up your content on the LMS so that you can reclaim time and focus on growth.,Empecemos a configurar tu contenido en el LMS para que puedas recuperar tiempo y enfocarte en crecer.,
Manager (Sales/Marketing/Customer),Gerente (Ventas/Marketing/Clientes),
Meta tags should be a list.,Las meta tags deben ser una lista.,
Module Name is incorrect or does not exist.,El nombre del módulo es incorrecto o no existe.,
Module is incorrect.,El módulo es incorrecto.,
New Sign Up,Nuevo Registro,
New comment in batch {0},Nuevo comentario en el programa en vivo {0},
New reply on the topic {0} in course {1},Nueva respuesta en el tema {0} del curso {1},
No Assessments,Sin Evaluaciones,
No Notifications,Sin Notificaciones,
No Upcoming Evaluations,Sin Evaluaciones Próximas,
No certificates,Sin certificados,
No courses under review,No hay cursos en revisión,
Not Allowed,No Permitido,
Not Attempted,No Intentado,
Not Available for Preview,No Disponible para Vista Previa,
Only files of type {0} will be accepted.,Solo se aceptarán archivos de tipo {0}.,
Others,Otros,
Please ask your administrator to verify your sign-up,Por favor pedile al administrador que verifique tu registro,
Please check your email for verification,Revisá tu email para verificar tu cuenta,
Please login to continue with payment.,Iniciá sesión para continuar con el pago.,
Please login to view program details.,Iniciá sesión para ver los detalles del programa.,
Please login to view programs.,Iniciá sesión para ver los programas.,
Registered but disabled,Registrado pero deshabilitado,
Request Invite,Solicitar Invitación,
Schedule,Agendar,
Search for an icon,Buscar un ícono,
Sign Up is disabled,El registro está deshabilitado,
Sign up,Registrarse,
Status/Score,Estado/Puntaje,
Suspicious pattern found in {0}: {1},Patrón sospechoso encontrado en {0}: {1},
Temporarily Disabled,Temporalmente Deshabilitado,
The batch does not exist.,El programa en vivo no existe.,
The coupon code '{0}' is invalid.,El código de cupón '{0}' no es válido.,
The lesson does not exist.,La lección no existe.,
The specified batch does not exist.,El programa en vivo especificado no existe.,
"There are no {0} currently. Keep an eye out, fresh learning experiences are on the way!","No hay {0} actualmente. ¡Estate atento, nuevas experiencias de aprendizaje están en camino!",
There are no {0} on this site.,No hay {0} en este sitio.,
This coupon has expired.,Este cupón ha expirado.,
This coupon has reached its maximum usage limit.,Este cupón alcanzó su límite máximo de uso.,
This coupon is not applicable to this {0}.,Este cupón no es aplicable a este {0}.,
This course is free.,Este curso es gratuito.,
"To join this batch, please contact the Administrator.","Para unirte a este programa en vivo, contactá al Administrador.",
Total Signups,Total de Registros,
Type '/' for commands or select text to format,Escribí '/' para comandos o seleccioná texto para dar formato,
Unsplash,Unsplash,
Upcoming Batches,Próximos Programas en vivo,
User Category,Categoría de Usuario,
User does not have permission to access this user's profile details.,No tenés permiso para acceder a los detalles del perfil de este usuario.,
Valid email and name required,Se requiere un email y nombre válidos,
Web Page,Página Web,
"When a course gets submitted for review, it will be listed here.","Cuando un curso se envíe para revisión, aparecerá aquí.",
You are already enrolled for this batch.,Ya estás inscripto en este programa en vivo.,
You are already enrolled for this course.,Ya estás inscripto en este curso.,
You are not authorized to view the assessments of this batch.,No estás autorizado a ver las evaluaciones de este programa en vivo.,
You are not authorized to view the chart data of this batch.,No estás autorizado a ver los datos del gráfico de este programa en vivo.,
You are not authorized to view the details of this program.,No estás autorizado a ver los detalles de este programa.,
You are not authorized to view the discussion replies for this topic.,No estás autorizado a ver las respuestas de discusión de este tema.,
You are not authorized to view the discussion topics for this item.,No estás autorizado a ver los temas de discusión de este elemento.,
You are not authorized to view the question details.,No estás autorizado a ver los detalles de la pregunta.,
You are not authorized to view the students of this batch.,No estás autorizado a ver los estudiantes de este programa en vivo.,
You cannot enroll in an unpublished program.,No podés inscribirte en un programa no publicado.,
You do not have access to this batch.,No tenés acceso a este programa en vivo.,
You do not have access to this course.,No tenés acceso a este curso.,
You do not have permission to access announcements for this batch.,No tenés permiso para acceder a los anuncios de este programa en vivo.,
You do not have permission to access badges.,No tenés permiso para acceder a las insignias.,
You do not have permission to access heatmap data.,No tenés permiso para acceder a los datos del mapa de calor.,
You do not have permission to access lesson completion stats.,No tenés permiso para acceder a las estadísticas de finalización de lecciones.,
You do not have permission to access this course's assessment data.,No tenés permiso para acceder a los datos de evaluación de este curso.,
You do not have permission to access this course's progress data.,No tenés permiso para acceder a los datos de progreso de este curso.,
You do not have permission to access this page.,No tenés permiso para acceder a esta página.,
You do not have permission to cancel this evaluation.,No tenés permiso para cancelar esta evaluación.,
You do not have permission to delete this batch.,No tenés permiso para eliminar este programa en vivo.,
You do not have permission to delete this chapter.,No tenés permiso para eliminar este capítulo.,
You do not have permission to delete this course.,No tenés permiso para eliminar este curso.,
You do not have permission to delete this lesson.,No tenés permiso para eliminar esta lección.,
You do not have permission to modify this chapter.,No tenés permiso para modificar este capítulo.,
You do not have permission to modify this lesson.,No tenés permiso para modificar esta lección.,
You do not have permission to modify this role.,No tenés permiso para modificar este rol.,
You do not have permission to update meta tags.,No tenés permiso para actualizar las meta tags.,
You do not have permission to update this submission.,No tenés permiso para actualizar esta entrega.,
You have already purchased the certificate for this course.,Ya compraste el certificado de este curso.,
You're all caught up! Check back later for updates.,¡Estás al día! Volvé más tarde para ver novedades.,
You've successfully submitted the assignment.,Enviaste la tarea exitosamente.,
Your Account has been successfully created!,¡Tu cuenta fue creada exitosamente!,
and then 'Add to Home Screen',y luego 'Agregar a pantalla de inicio',
evaluation,evaluación,
{0} Settings not found,Configuración de {0} no encontrada,
{0} mentioned you in a comment,{0} te mencionó en un comentario,
{0} mentioned you in a comment in {1},{0} te mencionó en un comentario en {1},
{0} not found,{0} no encontrado,
Allow Guest Access,Permitir Acceso de Invitados,
Allow Job Posting,Permitir Publicar Empleos,
Allow accessing future dates,Permitir acceder a fechas futuras,
Amount (USD),Monto (USD),
Applicable Items,Elementos Aplicables,
Apply GST for India,Aplicar GST para India,
Apply Rounding on Equivalent,Aplicar Redondeo en Equivalente,
Assessment Name,Nombre de la Evaluación,
Assessment Type,Tipo de Evaluación,
Assignment Attachment,Adjunto de Tarea,
Assignment Title,Título de la Tarea,
Attendees,Asistentes,
Badge Description,Descripción de la Insignia,
Badge Image,Imagen de la Insignia,
Batch Confirmation Template,Plantilla de Confirmación del Programa en vivo,
Batch Course,Curso del Programa en vivo,
Batch Name,Nombre del Programa en vivo,
Batch Settings,Configuración del Programa en vivo,
Batch Title,Título del Programa en vivo,
Body,Cuerpo,
Certificate,Certificado,
Certificate Email Template,Plantilla de Email de Certificado,
Certification Name,Nombre de la Certificación,
Certifications,Certificaciones,
Chapter Reference,Referencia de Capítulo,
Company,Empresa,
Confirmation Email Sent,Email de Confirmación Enviado,
Confirmation Email Template,Plantilla de Email de Confirmación,
Contact Us Email,Email de Contacto,
Contact Us URL,URL de Contacto,
Coupon,Cupón,
Course Chapter,Capítulo del Curso,
Course Count,Cantidad de Cursos,
Course Evaluator,Evaluador del Curso,
Course Instructor,Instructor del Curso,
Course Lesson,Lección del Curso,
Course Settings,Configuración del Curso,
Course Title,Título del Curso,
Current Lesson,Lección Actual,
Custom HTML,HTML Personalizado,
Custom Script (JavaScript),Script Personalizado (JavaScript),
Custom Signup Content,Contenido Personalizado de Registro,
Customisations,Personalizaciones,
Default Currency,Moneda por Defecto,
Degree Type,Tipo de Título,
Demo Data Present,Datos de Prueba Presentes,
Disable PWA,Deshabilitar PWA,
Disable Self Learning,Deshabilitar Aprendizaje Autónomo,
Disable Signup,Deshabilitar Registro,
Duration,Duración,
Education Detail,Detalle de Educación,
Email Sent,Email Enviado,
Email Templates,Plantillas de Email,
Emails,Emails,
Enable,Habilitar,
End Date (or expected),Fecha de Fin (o esperada),
Enrollment from Batch,Inscripción desde Programa en vivo,
Evaluation Details,Detalles de la Evaluación,
Evaluator Name,Nombre del Evaluador,
Evaluator Schedule,Agenda del Evaluador,
Exercise Title,Título del Ejercicio,
Expiration Date,Fecha de Expiración,
Field To Check,Campo a Verificar,
Field of Major/Study,Campo de Estudio,
File Type,Tipo de Archivo,
Fixed Amount Discount,Descuento de Monto Fijo,
From Date,Desde Fecha,
Function,Función,
General,General,
Google Meet Link,Enlace de Google Meet,
Grade Assignment,Calificar Tarea,
Grade Type,Tipo de Calificación,
Grant only once,Otorgar solo una vez,
Highlighted Text,Texto Destacado,
Host,Anfitrión,
I am currently working here,Actualmente estoy trabajando acá,
Identify User Category,Identificar Categoría de Usuario,
Image,Imagen,
Include In Preview,Incluir en Vista Previa,
Industry,Industria,
Institution Name,Nombre de la Institución,
Instructor,Instructor,
Instructor Content,Contenido del Instructor,
Is Correct,Es Correcto,
Is SCORM Chapter,Es Capítulo SCORM,
Is SCORM Package,Es Paquete SCORM,
Items in Sidebar,Elementos en la Barra Lateral,
Join URL,URL para Unirse,
Joined At,Se Unió el,
LMS Assessment,Evaluación LMS,
LMS Assignment,Tarea LMS,
LMS Assignment Submission,Entrega de Tarea LMS,
LMS Badge,Insignia LMS,
LMS Badge Assignment,Asignación de Insignia LMS,
LMS Batch,Programa en vivo LMS,
LMS Batch Enrollment,Inscripción al Programa en vivo LMS,
LMS Batch Feedback,Opinión del Programa en vivo LMS,
LMS Batch Timetable,Horario del Programa en vivo LMS,
LMS Category,Categoría LMS,
LMS Certificate,Certificado LMS,
LMS Certificate Evaluation,Evaluación de Certificado LMS,
LMS Certificate Request,Solicitud de Certificado LMS,
LMS Coupon,Cupón LMS,
LMS Coupon Item,Elemento de Cupón LMS,
LMS Course,Curso LMS,
LMS Course Interest,Interés en Curso LMS,
LMS Course Mentor Mapping,Asignación de Mentor de Curso LMS,
LMS Course Progress,Progreso de Curso LMS,
LMS Course Review,Reseña de Curso LMS,
LMS Enrollment,Inscripción LMS,
LMS Google Meet Settings,Configuración de Google Meet LMS,
LMS Lesson Note,Nota de Lección LMS,
LMS Live Class,Clase en Vivo LMS,
LMS Live Class Participant,Participante de Clase en Vivo LMS,
LMS Option,Opción LMS,
LMS Payment,Pago LMS,
LMS Program,Programa LMS,
LMS Program Course,Curso del Programa LMS,
LMS Program Member,Miembro del Programa LMS,
LMS Programming Exercise,Ejercicio de Programación LMS,
LMS Programming Exercise Submission,Entrega de Ejercicio de Programación LMS,
LMS Question,Pregunta LMS,
LMS Quiz,Cuestionario LMS,
LMS Quiz Question,Pregunta de Cuestionario LMS,
LMS Quiz Result,Resultado de Cuestionario LMS,
LMS Quiz Submission,Entrega de Cuestionario LMS,
LMS Settings,Configuración LMS,
LMS Sidebar Item,Elemento de Barra Lateral LMS,
LMS Source,Fuente LMS,
LMS Test Case,Caso de Prueba LMS,
LMS Test Case Submission,Entrega de Caso de Prueba LMS,
LMS Timetable Legend,Leyenda de Horario LMS,
LMS Timetable Template,Plantilla de Horario LMS,
LMS Video Watch Duration,Duración de Visualización de Video LMS,
LMS Zoom Settings,Configuración de Zoom LMS,
Label,Etiqueta,
Launch File,Archivo de Inicio,
Left At,Se Fue el,
Lesson Reference,Referencia de Lección,
Lesson Title,Título de la Lección,
LiveCode URL,URL de LiveCode,
Location,Ubicación,
Make LMS the default home,Hacer del LMS la página de inicio,
Manifest File,Archivo de Manifiesto,
Marks To Cut,Puntos a Descontar,
Meeting ID,ID de Reunión,
Member Count,Cantidad de Miembros,
Member Image,Imagen del Miembro,
Member Name,Nombre del Miembro,
Member Type,Tipo de Miembro,
Member Username,Nombre de Usuario del Miembro,
Mentor,Mentor,
Mentor Name,Nombre del Mentor,
Mentor Request,Solicitud de Mentor,
Mentor Request Creation Template,Plantilla de Creación de Solicitud de Mentor,
Mentor Request Status Update Template,Plantilla de Actualización de Estado de Solicitud de Mentor,
Milestone,Hito,
Multiple Correct Answers,Múltiples Respuestas Correctas,
Note,Nota,
Notification Sent,Notificación Enviada,
Notifications,Notificaciones,
OAuth Client ID,ID de Cliente OAuth,
Option 1,Opción 1,
Option 2,Opción 2,
Option 3,Opción 3,
Option 4,Opción 4,
Organization,Organización,
Output,Salida,
Password,Contraseña,
Payment Country,País de Pago,
Payment Gateway,Pasarela de Pago,
Payment Reminder Template,Plantilla de Recordatorio de Pago,
Payment Settings,Configuración de Pago,
Payment for Document,Pago por Documento,
Payment for Document Type,Pago por Tipo de Documento,
Payments app is not installed,La aplicación de Pagos no está instalada,
Percentage Discount,Descuento Porcentual,
Persona Captured,Perfil Capturado,
Possible Answer 1,Respuesta Posible 1,
Possible Answer 2,Respuesta Posible 2,
Possible Answer 3,Respuesta Posible 3,
Possible Answer 4,Respuesta Posible 4,
Preferred Function,Función Preferida,
Preferred Industry,Industria Preferida,
Prevent Skipping Videos,Evitar Saltar Videos,
Preview Image,Imagen de Vista Previa,
Primary Countries,Países Principales,
Program Courses,Cursos del Programa,
Program Members,Miembros del Programa,
Publish on Participant Page,Publicar en la Página del Participante,
Question Detail,Detalle de la Pregunta,
Question Name,Nombre de la Pregunta,
Quiz ID,ID del Cuestionario,
Quiz Title,Título del Cuestionario,
Reference DocName,Nombre de Doc. de Referencia,
Reference DocType,Tipo de Doc. de Referencia,
Reference Document Type,Tipo de Documento de Referencia,
Reference Name,Nombre de Referencia,
Result,Resultado,
Role,Rol,
Route,Ruta,
SCORM,SCORM,
SCORM Content,Contenido SCORM,
SCORM Package Path,Ruta del Paquete SCORM,
SEO,SEO,
Scheduled Flow,Flujo Programado,
Score Out Of,Puntaje Sobre,
Send Notification for Published Batches,Enviar Notificación para Programas en vivo Publicados,
Send Notification for Published Courses,Enviar Notificación para Cursos Publicados,
Send Payment Reminders for Batch,Enviar Recordatorios de Pago para Programa en vivo,
Send Payment Reminders for Course,Enviar Recordatorios de Pago para Curso,
Send calendar invite for evaluations,Enviar invitación de calendario para evaluaciones,
Show Answer,Mostrar Respuesta,
Show Tab in Batch,Mostrar Pestaña en Programa en vivo,
Show USD Equivalent,Mostrar Equivalente en USD,
Show day view in timetable,Mostrar vista diaria en horario,
Show live class,Mostrar clase en vivo,
Sidebar,Barra Lateral,
Sidebar Items,Elementos de la Barra Lateral,
Signup Settings,Configuración de Registro,
Skill,Habilidad,
Skill Name,Nombre de la Habilidad,
Skills,Habilidades,
Start URL,URL de Inicio,
This certificate does no expire,Este certificado no expira,
Timetable,Horario,
Timetable Legends,Leyendas del Horario,
Timetable Template,Plantilla de Horario,
To Date,Hasta Fecha,
UUID,UUID,
Unavailability,Indisponibilidad,
Unsplash Access Key,Clave de Acceso de Unsplash,
User Field,Campo de Usuario,
User Image,Imagen de Usuario,
User Skill,Habilidad del Usuario,
Username,Nombre de Usuario,
Users Response,Respuesta del Usuario,
Value,Valor,
Video Embed Link,Enlace de Video Embebido,
Watch Time,Tiempo de Visualización,
Work Experience,Experiencia Laboral,
YouTube Video URL,URL de Video de YouTube,
Zoom Settings,Configuración de Zoom,
Assignment will appear at the bottom of the lesson.,La tarea aparecerá al final de la lección.,
Common keywords that will be used for all pages,Palabras clave comunes que se usarán en todas las páginas,
"If you set an amount here, then the USD equivalent setting will not get applied.","Si ingresás un monto acá, la configuración de equivalente en USD no se aplicará.",
Quiz will appear at the bottom of the lesson.,El cuestionario aparecerá al final de la lección.,
Students will be enrolled in a paid batch once they complete the payment,Los estudiantes serán inscriptos en un programa en vivo pago una vez que completen el pago,
These customisations will work on the main batch page.,Estas personalizaciones funcionarán en la página principal del programa en vivo.,
This description will be shown on lists and pages without meta description,Esta descripción se mostrará en listas y páginas sin meta descripción,
This image will be shown on lists and pages that don't have an image by default,Esta imagen se mostrará en listas y páginas que no tienen una imagen por defecto,
YouTube Video will appear at the top of the lesson.,El video de YouTube aparecerá al inicio de la lección.,
Admin,Administrador,
Amber,Ámbar,
Approved,Aprobado,
Blue,Azul,
CGPA/4,Promedio/4,
Cancelled,Cancelado,
Choices,Opciones,
Cloud,Nube,
Cyan,Cian,
Document,Documento,
Fixed Amount,Monto Fijo,
French (e.g. Distinction),Francés (ej. Distinción),
Friday,Viernes,
Go,Ir,
Gray,Gris,
Green,Verde,
In-app,En la aplicación,
Incomplete,Incompleto,
JavaScript,JavaScript,
"Letter Grade (e.g. A, B-)","Nota por Letra (ej. A, B-)",
Local,Local,
Manual Assignment,Asignación Manual,
Monday,Lunes,
No Recording,Sin Grabación,
Not Applicable,No Aplica,
Not Graded,Sin Calificar,
Open Ended,Respuesta Abierta,
Orange,Naranja,
PDF,PDF,
Partially Complete,Parcialmente Completo,
Percentage (e.g. 70%),Porcentaje (ej. 70%),
Pink,Rosa,
Point of Score (e.g. 70),Puntaje (ej. 70),
Purple,Púrpura,
Python,Python,
Red,Rojo,
Rust,Óxido,
Saturday,Sábado,
Staff,Personal,
Sunday,Domingo,
Teal,Verde Azulado,
Text,Texto,
Thursday,Jueves,
Tuesday,Martes,
"UK Grading  (e.g. 1st, 2:2)","Calificación UK (ej. 1ero, 2:2)",
URL,URL,
User Input,Entrada del Usuario,
Value Change,Cambio de Valor,
Violet,Violeta,
Wednesday,Miércoles,
Yellow,Amarillo,
Activities,Actividades,
Any,Cualquiera,
Build Report,Generar Reporte,
Bulk Actions,Acciones Masivas,
Copied,Copiado,
Ctrl+S to save,Ctrl+S para guardar,
Forgot Password,¿Olvidaste tu contraseña?,
Getting Started,Primeros Pasos,
Information,Información,
Insufficient Permission,Permiso Insuficiente,
Last Modified By,Última Modificación Por,
Last Updated,Última Actualización,
Liked by,Le gustó a,
Link Copied,Enlace Copiado,
Modified On,Modificado el,
More...,Más...,
My Settings,Mi Configuración,
No permission,Sin permiso,
No records found,No se encontraron registros,
OK,OK,
Open Tasks,Tareas Abiertas,
Pending Actions,Acciones Pendientes,
Please wait...,Por favor esperá...,
Press Enter to Search,Presioná Enter para buscar,
Previous Versions,Versiones Anteriores,
Print,Imprimir,
Required,Obligatorio,
Rows per page,Filas por página,
Seen by,Visto por,
Select None,Deseleccionar Todo,
Select a role,Seleccionar un rol,
Select a user,Seleccionar un usuario,
Show More,Mostrar Más,
Sort,Ordenar,
This action cannot be undone,Esta acción no se puede deshacer,
Timeline,Línea de Tiempo,
Total Records,Total de Registros,
User Settings,Configuración de Usuario,
View,Ver,
 Please evaluate and grade it., Por favor evalualo y calificalo.,
 designed as a learning path to guide your progress. You may take the courses in any order that suits you. , diseñado como un camino de aprendizaje para guiar tu progreso. Podés tomar los cursos en el orden que prefieras. ,
" designed as a structured learning path to guide your progress. Courses in this program must be taken in order, and each course will unlock as you complete the previous one. "," diseñado como un camino de aprendizaje estructurado para guiar tu progreso. Los cursos en este programa deben tomarse en orden, y cada curso se desbloqueará a medida que completes el anterior. ",
 to , a ,
 you are on a, estás en una,
"<p>Dear {{ member_name }},</p>\n\n<p>You have been enrolled in our upcoming batch {{ batch_name }}.</p>\n\n<p>Thanks,</p>\n<p>Frappe Learning</p>","<p>Estimado/a {{ member_name }},</p>\n\n<p>Fuiste inscripto/a en nuestro próximo programa en vivo {{ batch_name }}.</p>\n\n<p>Gracias,</p>\n<p>El Equipo</p>",
"<p>Dear {{ member_name }},</p>\n\n<p>You have been enrolled in our upcoming batch {{ batch_name }}.</p>\n\n<p>Thanks,</p>\n<p>The Team</p>","<p>Estimado/a {{ member_name }},</p>\n\n<p>Fuiste inscripto/a en nuestro próximo programa en vivo {{ batch_name }}.</p>\n\n<p>Gracias,</p>\n<p>El Equipo</p>",
A course cannot have both paid certificate and certificate of completion.,Un curso no puede tener certificado pago y certificado de finalización al mismo tiempo.,
A new batch '{0}' has been published that might interest you. Check it out!,Se publicó un nuevo programa en vivo '{0}' que podría interesarte. ¡Echale un vistazo!,
A new batch has been published on ,Se publicó un nuevo programa en vivo en ,
A new course '{0}' has been published that might interest you. Check it out!,Se publicó un nuevo curso '{0}' que podría interesarte. ¡Echale un vistazo!,
A new course has been published on ,Se publicó un nuevo curso en ,
A new course has been published on {0},Se publicó un nuevo curso en {0},
A one line introduction to the course that appears on the course card,Una introducción de una línea al curso que aparece en la tarjeta del curso,
Add at least one possible answer for this question: {0},Agregá al menos una respuesta posible para esta pregunta: {0},
All questions should have the same marks if the limit is set.,Todas las preguntas deben tener la misma puntuación si se establece un límite.,
Amount and currency are required for paid batches.,El monto y la moneda son obligatorios para programas en vivo pagos.,
Amount and currency are required for paid certificates.,El monto y la moneda son obligatorios para certificados pagos.,
Amount and currency are required for paid courses.,El monto y la moneda son obligatorios para cursos pagos.,
Are you sure you want to cancel this evaluation? This action cannot be undone.,¿Estás seguro/a de que querés cancelar esta evaluación? Esta acción no se puede deshacer.,
"Are you sure you want to clear the demo data? This would delete the course ""A guide  to Frappe Learning"" along with all its associated data. This action cannot be undone.","¿Estás seguro de que querés limpiar los datos de demostración? Esto eliminará el curso ""A guide to Frappe Learning"" junto con todos sus datos asociados. Esta acción no se puede deshacer.",
Are you sure you want to delete this program? This action cannot be undone.,¿Estás seguro/a de que querés eliminar este programa? Esta acción no se puede deshacer.,
Are you sure you want to login to your Frappe Cloud dashboard?,¿Estás seguro de que querés iniciar sesión en tu panel de Frappe Cloud?,
As a part of this batch's curriculum you will have to complete the following courses and assessments.,"Como parte del programa de este programa en vivo, vas a tener que completar los siguientes cursos y evaluaciones.",
Assessment {0} has already been added to this batch.,La evaluación {0} ya fue agregada a este programa en vivo.,
Assignment for Lesson {0} by {1} already exists.,La tarea para la lección {0} de {1} ya existe.,
At least one applicable item is required,Se requiere al menos un elemento aplicable,
At least one option must be correct for this question.,Al menos una opción debe ser correcta para esta pregunta.,
At least one test case is required for the programming exercise.,Se requiere al menos un caso de prueba para el ejercicio de programación.,
Badge {0} has already been assigned to this {1}.,La insignia {0} ya fue asignada a este {1}.,
Badge {0} not found,Insignia {0} no encontrada,
Batch Start Date:,Fecha de inicio del programa en vivo:,
Batch end date cannot be before the batch start date,La fecha de fin del programa en vivo no puede ser anterior a la fecha de inicio,
Batch start time cannot be greater than or equal to end time.,La hora de inicio del programa en vivo no puede ser mayor o igual a la hora de fin.,
Batch:,Programa en vivo:,
Best Regards,Saludos cordiales,
By,Por,
Certificate Link,Enlace del certificado,
Certification cannot be issued as the member has not completed the course.,No se puede emitir la certificación porque el miembro no completó el curso.,
Certification cannot be issued as the member is not enrolled in this batch.,No se puede emitir la certificación porque el miembro no está inscripto en este programa en vivo.,
Certification cannot be issued as the member is not enrolled in this course.,No se puede emitir la certificación porque el miembro no está inscripto en este curso.,
Certification is not enabled for this course.,La certificación no está habilitada para este curso.,
Certified Participants,Participantes certificados,
Check Discussion,Ver discusión,
Checkout the batch,Ver el programa en vivo,
Checkout the course,Ver el curso,
Class:,Clase:,
Complete Sign Up,Completar registro,
Complete Your Enrollment,Completá tu inscripción,
Complete Your Enrollment - Don't miss out!,¡Completá tu inscripción - No te lo pierdas!,
Complete the upcoming quiz to continue watching the video. The quiz will open in {0} {1}.,Completá el próximo cuestionario para seguir viendo el video. El cuestionario se abrirá en {0} {1}.,
Condition must be in valid JSON format.,La condición debe estar en formato JSON válido.,
Condition must be valid python code.,La condición debe ser código Python válido.,
Congratulations on getting certified!,¡Felicitaciones por obtener tu certificación!,
Course Name,Nombre del curso,
Course or Batch is required to issue a certificate.,Se requiere un curso o programa en vivo para emitir un certificado.,
Course {0} has already been added to this batch.,El curso {0} ya fue agregado a este programa en vivo.,
Course {0} has already been added to this program.,El curso {0} ya fue agregado a este programa.,
Courses must be completed in order. You can only start the next course after completing the previous one.,Los cursos deben completarse en orden. Solo podés comenzar el siguiente curso después de completar el anterior.,
Date:,Fecha:,
Dear,Estimado/a,
Dear ,Estimado/a ,
"Dear {{ member_name }},\n\nYou have been enrolled in our upcoming batch {{ batch_name }}.\n\nThanks,\nFrappe Learning","Estimado/a {{ member_name }},\n\nFuiste inscripto/a en nuestro próximo programa en vivo {{ batch_name }}.\n\nGracias,\nEl Equipo",
"Dear {{ member_name }},\n\nYou have been enrolled in our upcoming batch {{ batch_name }}.\n\nThanks,\nThe Team","Estimado/a {{ member_name }},\n\nFuiste inscripto/a en nuestro próximo programa en vivo {{ batch_name }}.\n\nGracias,\nEl Equipo",
Deleting the course will also delete all its chapters and lessons. Are you sure you want to delete this course?,Eliminar el curso también eliminará todos sus capítulos y lecciones. ¿Estás seguro/a de que querés eliminar este curso?,
"Deleting these exercises will permanently remove them from the system, along with all associated submissions. This action is irreversible. Are you sure you want to proceed?","Eliminar estos ejercicios los eliminará permanentemente del sistema, junto con todas las entregas asociadas. Esta acción es irreversible. ¿Estás seguro/a de que querés continuar?",
"Deleting this batch will also delete all its data including enrolled students, linked courses, assessments, feedback and discussions. Are you sure you want to continue?","Eliminar este programa en vivo también eliminará todos sus datos, incluyendo estudiantes inscriptos, cursos vinculados, evaluaciones, comentarios y discusiones. ¿Estás seguro/a de que querés continuar?",
Deleting this chapter will also delete all its lessons and permanently remove it from the course. This action cannot be undone. Are you sure you want to continue?,Eliminar este capítulo también eliminará todas sus lecciones y lo eliminará permanentemente del curso. Esta acción no se puede deshacer. ¿Estás seguro/a de que querés continuar?,
Deleting this lesson will permanently remove it from the course. This action cannot be undone. Are you sure you want to continue?,Eliminar esta lección la eliminará permanentemente del curso. Esta acción no se puede deshacer. ¿Estás seguro/a de que querés continuar?,
"Do not refresh the page or close this window. If you do, the quiz will be submitted automatically.","No refresques la página ni cierres esta ventana. Si lo hacés, el cuestionario se enviará automáticamente.",
Don’t miss this opportunity to enhance your skills. Click below to complete your enrollment,No te pierdas esta oportunidad de mejorar tus habilidades. Hacé clic abajo para completar tu inscripción,
Duplicate options found for this question.,Se encontraron opciones duplicadas para esta pregunta.,
Enable Google API in Google Settings to send calendar invites for evaluations.,Habilitá la API de Google en Configuración de Google para enviar invitaciones de calendario para evaluaciones.,
Enable this only if you want to upload a SCORM package as a chapter.,Habilitá esto solo si querés subir un paquete SCORM como capítulo.,
Enabling this will publish the certificate on the certified participants page.,Habilitar esto publicará el certificado en la página de participantes certificados.,
Enrollment Confirmation for {0},Confirmación de inscripción para {0},
Enrollment in this batch is restricted. Please contact the Administrator.,La inscripción a este programa en vivo está restringida. Por favor contactá al Administrador.,
Enter Client Id and Client Secret in Google Settings to send calendar invites for evaluations.,Ingresá el Client ID y Client Secret en Configuración de Google para enviar invitaciones de calendario para evaluaciones.,
Error creating live class. Please try again. {0},Error al crear la clase en vivo. Por favor intentá de nuevo. {0},
Evaluation end date cannot be less than the batch end date.,La fecha de fin de evaluación no puede ser anterior a la fecha de fin del programa en vivo.,
Evaluator is required for paid certificates.,Se requiere un evaluador para certificados pagos.,
Expiry date cannot be in the past,La fecha de vencimiento no puede ser en el pasado,
Explanation ,Explicación ,
Failed to fetch attendance data from Zoom for class {0}: {1},Error al obtener datos de asistencia de Zoom para la clase {0}: {1},
From ,Desde ,
Get the app on your device for easy access & a better experience!,¡Descargá la app en tu dispositivo para un acceso fácil y una mejor experiencia!,
Get the app on your iPhone for easy access & a better experience,Descargá la app en tu iPhone para un acceso fácil y una mejor experiencia,
Hello Learner,Hola Estudiante,
Here are the details:,Acá están los detalles:,
Hey {0},Hola {0},
"Hey,","Hola,",
Hi,Hola,
"Hi {0},","Hola {0},",
"Hi,","Hola,",
I am delighted to inform you that you have successfully earned your certification for the {0} course. Congratulations!,Me alegra informarte que obtuviste exitosamente tu certificación para el curso {0}. ¡Felicitaciones!,
I am happy to announce that I earned the {0} badge on {1} at {2},Me alegra anunciar que obtuve la insignia {0} en {1} en {2},
I consent to my personal information being stored for invoicing,Doy mi consentimiento para que mis datos personales se almacenen para facturación,
"If enabled, the lesson will also be accessible to users who are not enrolled in the course.","Si se habilita, la lección también será accesible para usuarios que no estén inscriptos en el curso.",
"If you answer incorrectly, {0} {1} will be deducted from your score for each incorrect answer.","Si respondés incorrectamente, se descontarán {0} {1} de tu puntuación por cada respuesta incorrecta.",
If you are not any more interested to mentor the course,Si ya no te interesa ser mentor del curso,
"If you fail to do so, the quiz will be automatically submitted when the timer ends.","Si no lo hacés, el cuestionario se enviará automáticamente cuando termine el tiempo.",
"If you have any questions or need assistance, feel free to reach out to our support team.","Si tenés alguna pregunta o necesitás asistencia, no dudes en contactar a nuestro equipo de soporte.",
"If you have any questions or require assistance, feel free to contact us.","Si tenés alguna pregunta o necesitás asistencia, no dudes en contactarnos.",
If you want open ended questions then make sure each question in the quiz is of open ended type.,"Si querés preguntas abiertas, asegurate de que cada pregunta del cuestionario sea de tipo abierto.",
Image: Corrupted Data Stream,Imagen: flujo de datos corrupto,
Instructor Notes are private notes that only instructors can see. They can be used to provide additional context or guidance for the lesson.,Las notas del instructor son notas privadas que solo los instructores pueden ver. Se pueden usar para dar contexto adicional u orientación para la lección.,
Invalid Quiz ID,ID de cuestionario inválido,
Invalid Quiz ID in content,ID de cuestionario inválido en el contenido,
Jane Doe,María García,
Job Openings,Ofertas de empleo,
Limit cannot be greater than or equal to the number of questions in the quiz.,El límite no puede ser mayor o igual al número de preguntas del cuestionario.,
Looking forward to seeing you enrolled!,¡Esperamos verte inscripto/a!,
Mark the course as upcoming but not yet open for enrollment.,Marcar el curso como próximo pero aún no abierto para inscripción.,
Marks for question number {0} cannot be greater than the marks allotted for that question.,La puntuación de la pregunta número {0} no puede ser mayor que la puntuación asignada para esa pregunta.,
Medium:,Medio:,
Member already enrolled in this batch,El miembro ya está inscripto en este programa en vivo,
Member does not meet the criteria for the badge {0}.,El miembro no cumple con los criterios para la insignia {0}.,
Member {0} has already been added to this program.,El miembro {0} ya fue agregado a este programa.,
Minimum two options are required for multiple choice questions.,Se requieren al menos dos opciones para preguntas de opción múltiple.,
No calendar is configured for the conferencing provider. Please set up a calendar to create events.,No hay calendario configurado para el proveedor de videoconferencias. Por favor configurá un calendario para crear eventos.,
"Once again, congratulations on this significant accomplishment.","Una vez más, felicitaciones por este logro tan importante.",
"Once the moderator grades your submission, you'll find the details here.","Una vez que el moderador califique tu entrega, vas a encontrar los detalles acá.",
Open Assignment,Abrir tarea,
Open Course,Abrir curso,
Paste a YouTube link of a short video introducing the course.,Pegá un enlace de YouTube de un video corto que presente el curso.,
Payment is required to enroll in this batch.,Se requiere un pago para inscribirse en este programa en vivo.,
Please add <a href='{0}'>{1}</a> for <a href='{2}'>{3}</a> to send calendar invites for evaluations.,Por favor agregá <a href='{0}'>{1}</a> para <a href='{2}'>{3}</a> para enviar invitaciones de calendario para evaluaciones.,
Please click on the following button to set your new password,Por favor hacé clic en el siguiente botón para establecer tu nueva contraseña,
Please enable the Google Meet account to use this feature.,Por favor habilitá la cuenta de Google Meet para usar esta función.,
Please enable the zoom account to use this feature.,Por favor habilitá la cuenta de Zoom para usar esta función.,
"Please ensure that the billing name you enter is correct, as it will be used on your invoice.","Por favor asegurate de que el nombre de facturación que ingresás sea correcto, ya que se usará en tu factura.",
Please ensure that you complete all the questions in {0} minutes.,Por favor asegurate de completar todas las preguntas en {0} minutos.,
Please enter a valid Contact Us Email.,Por favor ingresá un email de contacto válido.,
Please enter a valid Contact Us URL.,Por favor ingresá una URL de contacto válida.,
Please enter a valid URL.,Por favor ingresá una URL válida.,
Please install the Payments App to create a paid batch. Refer to the documentation for more details. {0},Por favor instalá la app de Pagos para crear un programa en vivo pago. Consultá la documentación para más detalles. {0},
Please install the Payments App to create a paid course. Refer to the documentation for more details. {0},Por favor instalá la app de Pagos para crear un curso pago. Consultá la documentación para más detalles. {0},
Please prepare well and be on time for the evaluations.,Por favor preparate bien y llegá a tiempo para las evaluaciones.,
Please read the following instructions carefully before starting the quiz,Por favor leé las siguientes instrucciones con atención antes de comenzar el cuestionario,
Please select a Google Meet account for this batch.,Por favor seleccioná una cuenta de Google Meet para este programa en vivo.,
Please select a Zoom account for this batch.,Por favor seleccioná una cuenta de Zoom para este programa en vivo.,
Please select a conferencing provider and add an account to the batch to create live classes.,Por favor seleccioná un proveedor de videoconferencias y agregá una cuenta al programa en vivo para crear clases en vivo.,
Please take appropriate action at {0},Por favor tomá las medidas necesarias en {0},
Rating cannot be 0,La calificación no puede ser 0,
Regards,Saludos,
Row #{0} Date cannot be outside the batch duration.,Fila #{0}: La fecha no puede estar fuera de la duración del programa en vivo.,
Row #{0} End time cannot be outside the batch duration.,Fila #{0}: La hora de fin no puede estar fuera de la duración del programa en vivo.,
Row #{0} Start time cannot be greater than or equal to end time.,Fila #{0}: La hora de inicio no puede ser mayor o igual a la hora de fin.,
Row #{0} Start time cannot be outside the batch duration.,Fila #{0}: La hora de inicio no puede estar fuera de la duración del programa en vivo.,
Rows {0} have the duplicate questions.,Las filas {0} tienen preguntas duplicadas.,
Seat count cannot be negative.,La cantidad de asientos no puede ser negativa.,
Select a fallback color for the course card when no image is set.,Seleccioná un color de respaldo para la tarjeta del curso cuando no haya imagen.,
Set your Password,Establecé tu contraseña,
Slot Times are overlapping for some schedules.,Los horarios se superponen en algunos turnos.,
Start Date:,Fecha de inicio:,
Start Time cannot be greater than End Time,La hora de inicio no puede ser mayor que la hora de fin,
Student is already enrolled in this course.,El estudiante ya está inscripto en este curso.,
"Submit your resume to proceed with your application for this position. Upon submission, it will be shared with the job poster.","Enviá tu currículum para continuar con tu postulación a este puesto. Al enviarlo, se compartirá con el publicador del empleo.",
Team School,Escuela del Equipo,
Thanks and Regards,Gracias y saludos,
The Google Meet account does not have a Google Calendar configured. Please set up a Google Calendar first.,La cuenta de Google Meet no tiene un Google Calendar configurado. Por favor configurá un Google Calendar primero.,
The batch you have enrolled for is starting tomorrow. Please be prepared and be on time for the session.,El programa en vivo en el que te inscribiste comienza mañana. Por favor preparate y llegá a tiempo para la sesión.,
The course {0} is now available on {1}.,El curso {0} ya está disponible en {1}.,
The deadline to schedule evaluations has passed. Please contact the Instructor for assistance.,El plazo para programar evaluaciones ya pasó. Por favor contactá al Instructor para asistencia.,
The evaluator of this course is unavailable from {0} to {1}. Please select a date after {1},El evaluador de este curso no está disponible del {0} al {1}. Por favor seleccioná una fecha posterior al {1},
The instructor has left a comment on your assignment {0},El instructor dejó un comentario en tu tarea {0},
The selected Google Meet account does not have a Google Calendar configured.,La cuenta de Google Meet seleccionada no tiene un Google Calendar configurado.,
The selected Google Meet account is disabled. Please enable it or select another account.,La cuenta de Google Meet seleccionada está deshabilitada. Por favor habilitala o seleccioná otra cuenta.,
The slot is already booked by another participant.,El turno ya fue reservado por otro participante.,
There are no chapters in this course. Create and manage chapters from here.,No hay capítulos en este curso. Creá y administrá capítulos desde acá.,
There are no courses currently. Create your first course to get started!,No hay cursos actualmente. ¡Creá tu primer curso para empezar!,
There are no seats available in this batch.,No hay asientos disponibles en este programa en vivo.,
There has been an update on your submission. You have got a score of {0} for the quiz {1},Hubo una actualización en tu entrega. Obtuviste una puntuación de {0} en el cuestionario {1},
This batch is not associated with this course.,Este programa en vivo no está asociado con este curso.,
This lesson is not available for preview. Please enroll in the course to access it.,Esta lección no está disponible para vista previa. Por favor inscribite en el curso para acceder.,
This site is being updated. You will not be able to make any changes. Full access will be restored shortly.,Este sitio se está actualizando. No vas a poder hacer cambios. El acceso completo se restaurará pronto.,
This will permanently delete the coupon and the code will no longer be valid.,Esto eliminará permanentemente el cupón y el código dejará de ser válido.,
Time must be in 24 hour format (HH:mm). Example 11:30 or 22:00,La hora debe estar en formato de 24 horas (HH:mm). Ejemplo: 11:30 o 22:00,
Time: ,Hora: ,
Timezone is required for paid certificates.,La zona horaria es obligatoria para certificados pagos.,
Timings:,Horarios:,
"Too many users signed up recently, so the registration is disabled. Please try back in an hour","Demasiados usuarios se registraron recientemente, así que el registro está deshabilitado. Por favor intentá de nuevo en una hora",
Unavailable From Date cannot be greater than Unavailable To Date,La fecha de inicio de no disponibilidad no puede ser mayor que la fecha de fin,
Update Password,Actualizar contraseña,
Usage limit cannot be negative,El límite de uso no puede ser negativo,
Visit the following link to view your ,Visitá el siguiente enlace para ver tu ,
Visit your batch,Visitá tu programa en vivo,
We are pleased to inform you that you have been enrolled in our upcoming batch. Congratulations!,Nos complace informarte que fuiste inscripto/a en nuestro próximo programa en vivo. ¡Felicitaciones!,
"We have a limited number of seats, and they won't be available for long!",¡Tenemos un número limitado de lugares y no van a estar disponibles por mucho tiempo!,
We noticed that you started enrolling in the,Notamos que empezaste a inscribirte en,
Welcome to {0}!,¡Bienvenido/a a {0}!,
"With this certification, you can now showcase your updated skills and share your achievement with your colleagues and on LinkedIn. To access your certificate, please click on the link provided below. Make sure you are logged in to the portal.","Con esta certificación, ahora podés mostrar tus habilidades actualizadas y compartir tu logro con tus colegas y en LinkedIn. Para acceder a tu certificado, por favor hacé clic en el enlace a continuación. Asegurate de estar logueado/a en el portal.",
You already have an evaluation on {0} at {1} for the course {2}.,Ya tenés una evaluación el {0} a las {1} para el curso {2}.,
You are already certified for this course. Click on the card below to open your certificate.,Ya estás certificado/a en este curso. Hacé clic en la tarjeta de abajo para abrir tu certificado.,
You are not enrolled in this course.,No estás inscripto/a en este curso.,
You are not enrolled in this course. Please enroll to access this lesson.,No estás inscripto/a en este curso. Por favor inscribite para acceder a esta lección.,
You can also copy-paste following link in your browser,También podés copiar y pegar el siguiente enlace en tu navegador,
You can find their resume attached to this email.,Podés encontrar su currículum adjunto a este email.,
You cannot change the availability when the site is being updated.,No podés cambiar la disponibilidad mientras el sitio se está actualizando.,
You cannot enroll in an unpublished course.,No podés inscribirte en un curso no publicado.,
You cannot enroll in this course as self-learning is disabled. Please contact the Administrator.,No podés inscribirte en este curso porque el aprendizaje autónomo está deshabilitado. Por favor contactá al Administrador.,
You cannot schedule evaluations after {0}.,No podés programar evaluaciones después del {0}.,
You cannot schedule evaluations for past slots.,No podés programar evaluaciones para turnos pasados.,
You do not have permission to create a live class.,No tenés permiso para crear una clase en vivo.,
You do not have permission to send confirmation emails for this enrollment.,No tenés permiso para enviar emails de confirmación para esta inscripción.,
You do not have permission to set up calendar events for this evaluation.,No tenés permiso para configurar eventos de calendario para esta evaluación.,
You don't have any notifications.,No tenés ninguna notificación.,
You got {0}% correct answers with a score of {1} out of {2},Obtuviste {0}% de respuestas correctas con una puntuación de {1} de {2},
You have a live class scheduled tomorrow. Please be prepared and be on time for the session.,Tenés una clase en vivo programada para mañana. Por favor preparate y llegá a tiempo para la sesión.,
You have already exceeded the maximum number of attempts allowed for this quiz.,Ya superaste el número máximo de intentos permitidos para este cuestionario.,
You have already reviewed this course,Ya dejaste una reseña de este curso,
You have exceeded the maximum number of attempts ({0}) for this quiz,Superaste el número máximo de intentos ({0}) para este cuestionario,
You have got a score of {0} for the quiz {1},Obtuviste una puntuación de {0} en el cuestionario {1},
You have not completed the course yet.,Todavía no completaste el curso.,
You must be a Moderator or Batch Evaluator to enroll users in a batch.,Debés ser Moderador o Evaluador del Programa en vivo para inscribir usuarios en un programa en vivo.,
You must be an Admin to assign badges to users.,Debés ser Administrador para asignar insignias a usuarios.,
You must be enrolled in the course to submit a review,Debés estar inscripto en el curso para enviar una reseña,
You need to complete the payment for this course before enrolling.,Necesitás completar el pago de este curso antes de inscribirte.,
You will have to get {0}% correct answers in order to pass the quiz.,Vas a necesitar obtener {0}% de respuestas correctas para aprobar el cuestionario.,
You've applied to become a mentor for this course. Your request is currently under review.,Solicitaste ser mentor de este curso. Tu solicitud está siendo revisada.,
Your batch {0} is starting tomorrow,Tu programa en vivo {0} comienza mañana,
Your class on {0} is today,Tu clase de {0} es hoy,
Your evaluation for the course {0} has been scheduled on {1} at {2} ({3} time).,Tu evaluación para el curso {0} fue programada para el {1} a las {2} (hora de {3}).,
Your evaluation slot has been booked,Tu turno de evaluación fue reservado,
Your evaluator is {0},Tu evaluador es {0},
"Your learning streak counts the number of days in a row you’ve kept up your learning, whether it’s a lesson, quiz, or assignment. Don’t worry, weekends don’t break your streak.","Tu racha de aprendizaje cuenta la cantidad de días seguidos que mantuviste tu aprendizaje, ya sea una lección, cuestionario o tarea. No te preocupes, los fines de semana no cortan tu racha.",
Your request to join us as a mentor for the course,Tu solicitud para unirte como mentor del curso,
"Your submission has been successfully saved. The instructor will review and grade it shortly, and you'll be notified of your final result.","Tu entrega fue guardada exitosamente. El instructor la revisará y calificará en breve, y te notificaremos el resultado final.",
but didn’t complete your payment,pero no completaste tu pago,
cancel your application,cancelar tu solicitud,
has been,fue,
jane@example.com,maria@ejemplo.com,
that might interest you!,¡que podría interesarte!,
you can,podés,
{0} has applied for the job position {1},{0} se postuló para el puesto de empleo {1},
{0} has published a new batch {1},{0} publicó un nuevo programa en vivo {1},
{0} has published a new course {1},{0} publicó un nuevo curso {1},
{0} has reported a job post for the following reason.,{0} reportó una publicación de empleo por el siguiente motivo.,
{0} has submitted the assignment {1},{0} entregó la tarea {1},
{0} is already a mentor for course {1},{0} ya es mentor del curso {1},
{0} is already certified for the batch {1},{0} ya está certificado para el programa en vivo {1},
{0} is already certified for the course {1},{0} ya está certificado para el curso {1},
{0} mentioned you in a comment in your batch.,{0} te mencionó en un comentario en tu programa en vivo.,
Signups,Registros,
Signups per day,Registros por día,
Completions,Completados,
Enrollments per day,Inscripciones por día,
Certifications per day,Certificaciones por día,
Course Completion,Cursos Completados,
Getting started,Primeros pasos,
{0}/{1} steps,{0}/{1} pasos,
You are all set,¡Ya estás listo!,
All steps are completed successfully,Todos los pasos se completaron exitosamente,
Start now,Empezar ahora,
Continue,Continuar,
Welcome to {0},Bienvenido/a a {0},
{0}/{1} steps completed,{0}/{1} pasos completados,
{0}% completed,{0}% completado,
Reset all,Reiniciar todo,
Skip all,Omitir todo,
Reset,Reiniciar,
"You need to complete ""{0}"" first.","Necesitás completar ""{0}"" primero.",
Help center,Centro de ayuda,
Help centre,Centro de ayuda,
Reset onboarding steps,Reiniciar pasos de bienvenida,
Search articles...,Buscar artículos...,
All articles,Todos los artículos,
Job Applications,Postulaciones de empleo,
Enrolled Programs,Programas Inscriptos,
Published Programs,Programas Publicados,
Learning,Aprendizaje,
Search for a keyword or phrase and press enter,Buscá una palabra clave o frase y presioná enter,
Toggle Theme,Cambiar Tema,
Clear Demo Data,Limpiar Datos de Demostración,
Log in,Iniciar sesión,
Login to Frappe Cloud,Iniciar sesión en Frappe Cloud,
Error clearing demo data,Error al limpiar datos de demostración,
Users,Usuarios,
Evaluators,Evaluadores,
Customize,Personalizar,
Branding,Marca,
Signup,Registro,
Gateways,Pasarelas,
Transactions,Transacciones,
Coupons,Cupones,
Badges,Insignias,
Categories,Categorías,
System Configurations,Configuración del Sistema,
"If enabled, users can access the course and batch lists without logging in.","Si está habilitado, los usuarios pueden acceder a las listas de cursos y programas en vivo sin iniciar sesión.",
Batch Confirmation Email Template,Plantilla de Email de Confirmación de Programa en vivo,
Certification Email Template,Plantilla de Email de Certificación,
Contact Information,Información de Contacto,
Livecode URL,URL de Livecode,
Show USD equivalent amount,Mostrar monto equivalente en USD,
Apply rounding on equivalent,Aplicar redondeo en equivalente,
Payment Reminders,Recordatorios de Pago,
Send payment reminders for batch,Enviar recordatorios de pago para programa en vivo,
Send payment reminders for course,Enviar recordatorios de pago para curso,
Brand Name,Nombre de Marca,
Logo,Logo,
Favicon,Favicon,
Disable signup,Deshabilitar registro,
Signup Consent HTML,HTML de Consentimiento de Registro,
Unread,Sin leer,
Read,Leídas,
Score out of,Puntaje sobre,
No.,N°,
Submitted,Entregado,
Jane,María,
Doe,García,
Type your reply here...,Escribí tu respuesta acá...,
Only PDF file is allowed,Solo se permite archivo PDF,
Upload your resume,Subí tu currículum,
Your application has been submitted successfully,Tu postulación fue enviada con éxito,
Please upload your resume,"Por favor, subí tu currículum",
An image that represents the badge.,Una imagen que represente la insignia.,
You need to complete ,Necesitás completar ,
The Team,El Equipo,
How to add a Quiz?,¿Cómo agregar un Cuestionario?,
"Click on the add icon in the editor and select Quiz from the menu. It opens up a dialog, where you can either select a quiz from the list or create a new quiz. When you select the Create New option it redirects you to the quiz creation page.","Hacé clic en el ícono de agregar en el editor y seleccioná Cuestionario en el menú. Se abre un cuadro de diálogo donde podés elegir un cuestionario de la lista o crear uno nuevo. Cuando seleccionás la opción Crear Nuevo, te redirige a la página de creación de cuestionarios.",
How to upload content from your system?,¿Cómo subir contenido desde tu computadora?,
"To upload Image, Video, Audio or PDF from your system, click on the add icon and select upload from the menu. Then choose the file you want to add to the lesson and it gets added to your lesson.","Para subir una imagen, video, audio o PDF desde tu computadora, hacé clic en el ícono de agregar y seleccioná Subir en el menú. Después elegí el archivo que querés agregar a la lección y se añade automáticamente.",
How to add a YouTube Video?,¿Cómo agregar un video de YouTube?,
Copy the URL of the video from YouTube and paste it in the editor.,Copiá la URL del video de YouTube y pegala en el editor.,
How to remove an embed?,¿Cómo eliminar un elemento incrustado?,
"To remove an embed like YouTube or Vimeo, put your cursor on the line below the embed, then drag your mouse cursor upwards to select the embed. Once the embed is selected press BackSpace.","Para eliminar un elemento incrustado como YouTube o Vimeo, ubicá el cursor en la línea debajo del elemento, luego arrastrá el cursor hacia arriba para seleccionarlo. Una vez seleccionado, presioná la tecla Retroceso.",
Course content,Contenido del curso,
This course includes:,Este curso incluye:,
About this course,Sobre este curso,
section,sección,
sections,secciones,
Course creator,Creador del curso,
Select instructors,Seleccionar instructores,
Content is required,El contenido es obligatorio,
Add a {0} before saving.,Agregá un {0} antes de guardar.,
Course thumbnail,Miniatura del curso,
"<p>Dear {{ member_name }},</p>

<p>You have been enrolled in our upcoming batch {{ batch_name }}.</p>

<p>Thanks,</p>
<p>Frappe Learning</p>","<p>Hola {{ member_name }},</p>

<p>Fuiste inscripto/a en nuestro próximo programa en vivo {{ batch_name }}.</p>

<p>Saludos,</p>
<p>Frappe Learning</p>",
"Dear {{ member_name }},

You have been enrolled in our upcoming batch {{ batch_name }}.

Thanks,
Frappe Learning","Hola {{ member_name }},

Fuiste inscripto/a en nuestro próximo programa en vivo {{ batch_name }}.

Saludos,
Frappe Learning",
Skip for now,Omitir por ahora,
Select timezone,Seleccionar zona horaria,
No students enrolled yet,Todavía no hay alumnos inscriptos,
Enroll students to track their progress here.,Inscribí alumnos para seguir su progreso acá.,
How to edit a lesson,Cómo editar una lección,
Remove the image to pick a color instead.,Quitá la imagen para elegir un color en su lugar.,
Duplicate,Duplicar,
Name is required,El nombre es obligatorio,
Could not update publish status,No se pudo actualizar el estado de publicación,
File upload failed. Please try again.,Falló la subida del archivo. Intentá de nuevo.,
Question {0} of {1},Pregunta {0} de {1},
{0}% complete,{0}% completado,
Add at least one {0} before saving.,Agregá al menos un {0} antes de guardar.,
Currency is required for {0}.,La moneda es obligatoria para {0}.,
Add tag,Agregar etiqueta,
No students match your search,Ningún alumno coincide con tu búsqueda,
Try a different name.,Probá con otro nombre.,
Completion certificate,Certificado de finalización,
Issue a free certificate when learners complete the course.,Emitir un certificado gratuito cuando los alumnos completen el curso.,
Delete quiz,Eliminar cuestionario,
paid batches,programas en vivo pagos,
Include in preview,Incluir en la vista previa,
"When on, anyone can preview this lesson without enrolling. Otherwise it is visible only to enrolled students.","Si está activado, cualquiera puede ver esta lección sin inscribirse. Si no, solo la ven los alumnos inscriptos.",
Lesson title,Título de la lección,
Instructor notes,Notas del instructor,
Enroll for Free,Inscribirse gratis,
Only ZIP files are allowed.,Solo se permiten archivos ZIP.,
course rating,calificación del curso,
user rating,calificación de usuario,
user ratings,calificaciones de usuarios,
See less,Ver menos,
See more,Ver más,
View all reviews,Ver todas las reseñas,
month ago,mes atrás,
months ago,meses atrás,
day ago,día atrás,
days ago,días atrás,
Define a badge and the criteria for awarding it to learners.,Definí una insignia y los criterios para otorgársela a los alumnos.,
Allow this badge to be awarded to learners.,Permitir que esta insignia se otorgue a los alumnos.,
e.g. Course Champion,por ej. Campeón del Curso,
What is this badge awarded for?,¿Por qué se otorga esta insignia?,
Saved — this format can't be previewed here.,Guardado — este formato no se puede previsualizar acá.,
Uploaded video — students see it on the course page. Remove it to use a YouTube link instead.,Video subido — los alumnos lo ven en la página del curso. Quitalo para usar un link de YouTube en su lugar.,
Paste a YouTube link,Pegá un link de YouTube,
Upload video,Subir video,
YouTube link added — students see it embedded on the course page. Clear the field to upload a file instead.,Link de YouTube agregado — los alumnos lo ven incrustado en la página del curso. Borrá el campo para subir un archivo en su lugar.,
"Paste a YouTube link, or upload a video file (MP4, WebM, or OGG) to show a preview on the course page.","Pegá un link de YouTube, o subí un archivo de video (MP4, WebM u OGG) para mostrar una vista previa en la página del curso.",
"Please upload an MP4, WebM, or OGG video — formats like .MOV can't be played in the browser.","Subí un video MP4, WebM u OGG — formatos como .MOV no se pueden reproducir en el navegador.",
This video's codec can't be played in browsers (e.g. HEVC/H.265). Please upload an H.264 MP4 or a WebM.,El códec de este video no se puede reproducir en navegadores (por ej. HEVC/H.265). Subí un MP4 con H.264 o un WebM.,
Upload failed,Falló la subida,
On-site,Presencial,
Add Option,Agregar opción,
Add Possibility,Agregar posibilidad,
Text color,Color de texto,
Connect a Zoom account to schedule and host live classes.,Conectá una cuenta de Zoom para programar y dar clases en vivo.,
Click to upload an image.,Hacé clic para subir una imagen.,
No thumbnail,Sin miniatura,
Upload image instead,Subir una imagen en su lugar,
Upload an image to replace the color.,Subí una imagen para reemplazar el color.,
Error uploading file,Error al subir el archivo,
Account name,Nombre de la cuenta,
Support / Sales,Soporte / Ventas,
johndoe@example.com,johndoe@example.com,
Enable Incoming,Habilitar entrada,
"If enabled, emails will be pulled from this account.","Si está habilitado, los correos se recibirán desde esta cuenta.",
Enable Outgoing,Habilitar salida,
"If enabled, outgoing emails can be sent from this account.","Si está habilitado, se pueden enviar correos salientes desde esta cuenta.",
Default Incoming,Entrada predeterminada,
"If enabled, all replies to your company (eg: replies@yourcompany.com) will come to this account. Note: Only one account can be default incoming.","Si está habilitado, todas las respuestas a tu empresa (por ej: replies@tuempresa.com) llegarán a esta cuenta. Nota: solo una cuenta puede ser la entrada predeterminada.",
Default Outgoing,Salida predeterminada,
"If enabled, all outgoing emails will be sent from this account. Note: Only one account can be default outgoing.","Si está habilitado, todos los correos salientes se enviarán desde esta cuenta. Nota: solo una cuenta puede ser la salida predeterminada.",
Frappe Mail site,Sitio de Frappe Mail,
API Key,Clave de API,
API Secret,Secreto de API,
Account name is required,El nombre de la cuenta es obligatorio,
Email ID is required,El correo electrónico es obligatorio,
Invalid email ID,Correo electrónico inválido,
API Key is required,La clave de API es obligatoria,
API Secret is required,El secreto de API es obligatorio,
Password is required,La contraseña es obligatoria,
Short introduction,Introducción breve,
Course description,Descripción del curso,
"Upload a 750×422 image (.jpg, .jpeg, .gif, or .png) — shown on the catalog card and lesson hero.","Subí una imagen de 750×422 (.jpg, .jpeg, .gif o .png) — se muestra en la tarjeta del catálogo y en la portada de la lección.",
Review and update the details of this payment.,Revisá y actualizá los datos de este pago.,
Duplicate Template,Duplicar plantilla,
Create a reusable email template for your notifications.,Creá una plantilla de correo reutilizable para tus notificaciones.,
Video failed to load — this lesson will still be marked complete after you spend some time on it.,El video no se pudo cargar — la lección igual se marcará como completada después de pasar un tiempo en ella.,
Edit your reusable email template.,Editá tu plantilla de correo reutilizable.,
Update Template,Actualizar plantilla,
Connect a Google Meet account to schedule and host live classes.,Conectá una cuenta de Google Meet para programar y dar clases en vivo.,
Strikethrough,Tachado,
Close student view,Cerrar vista de alumno,
Student View,Vista de alumno,
Course unpublished,Curso despublicado,
Course published,Curso publicado,
Course editor,Editor del curso,
This permanently deletes the user account and cannot be undone.,Esto elimina la cuenta de usuario de forma permanente y no se puede deshacer.,
User deleted,Usuario eliminado,
Edit member,Editar miembro,
Delete user,Eliminar usuario,
"Drag and drop a ZIP file, or upload from your","Arrastrá y soltá un archivo ZIP, o subilo desde tu",
Device,Dispositivo,
Add students to the batch to make an announcement,Agregá alumnos al programa en vivo para hacer un anuncio,
Make Announcement,Hacer anuncio,
Batch unpublished,Programa en vivo despublicado,
Batch published,Programa en vivo publicado,
Answer a few quick questions so we can set Frappe Learning up for you,Respondé unas preguntas rápidas para que podamos configurar Frappe Learning para vos,
Back,Atrás,
Where will you be using Frappe Learning?,¿Dónde vas a usar Frappe Learning?,
School,Escuela,
College or University,Instituto o Universidad,
Coaching or Training Institute,Instituto de capacitación,
Company or Workplace,Empresa o lugar de trabajo,
Customer Academy,Academia para clientes,
Personal Business,Negocio personal,
Non-profit or Government,Organización sin fines de lucro o gobierno,
What's the first milestone you'd like to achieve?,¿Cuál es el primer objetivo que querés lograr?,
Publish my first course,Publicar mi primer curso,
Onboard my existing learners,Incorporar a mis alumnos actuales,
Award my first certificate,Otorgar mi primer certificado,
Launch a paid course,Lanzar un curso pago,
Just exploring,Solo estoy explorando,
What are you using today to manage learning?,¿Qué usás hoy para gestionar el aprendizaje?,
Moodle,Moodle,
Google Classroom,Google Classroom,
Canvas,Canvas,
Thinkific,Thinkific,
Teachable,Teachable,
Kajabi,Kajabi,
TalentLMS,TalentLMS,
Google Drive,Google Drive,
Notion,Notion,
Spreadsheets,Planillas de cálculo,
No LMS yet,Todavía no uso un LMS,
Course overview,Resumen del curso,
Select related courses,Seleccionar cursos relacionados,
No other published courses available,No hay otros cursos publicados disponibles,
These tags help search engines describe and rank your course in results.,Estas etiquetas ayudan a los motores de búsqueda a describir y posicionar tu curso en los resultados.,
A short summary of the course for search results.,Un resumen breve del curso para los resultados de búsqueda.,
Meta keywords,Palabras clave (meta),
paid courses,cursos pagos,
paid certificates,certificados pagos,
Price must be a positive number for {0}.,El precio debe ser un número positivo para {0}.,
Edit lesson,Editar lección,
New lesson,Nueva lección,
Lesson updated,Lección actualizada,
Lesson created,Lección creada,
Underline,Subrayado,
Course details,Detalles del curso,
Select category,Seleccionar categoría,
Short description,Descripción breve,
Type something,Escribí algo,
Preview video,Vista previa del video,
Edit Member,Editar miembro,
Member updated,Miembro actualizado,
Unable to update member,No se pudo actualizar el miembro,
Also teaching,También enseña,
Taught by,A cargo de,
Taught by a team of {0},A cargo de un equipo de {0},
Edit Email,Editar correo,
Edit your email account,Editá tu cuenta de correo,
Update Account,Actualizar cuenta,
No changes made,No se hicieron cambios,
Email account updated successfully,Cuenta de correo actualizada correctamente,
"Failed to update email account, Invalid credentials","No se pudo actualizar la cuenta de correo, credenciales inválidas",
Please provide an answer or upload a file before submitting.,Proporcioná una respuesta o subí un archivo antes de enviar.,
Enrollment & Certification,Inscripción y certificación,
Batch overview,Resumen del programa en vivo,
This quiz has no questions available yet.,Este cuestionario todavía no tiene preguntas disponibles.,
Import via Data Import Tool,Importar con la herramienta de importación de datos,
Import via ZIP,Importar mediante ZIP,
Remove row,Eliminar fila,
Create and manage reusable email templates for your notifications.,Creá y gestioná plantillas de correo reutilizables para tus notificaciones.,
This permanently deletes the email template and cannot be undone.,Esto elimina la plantilla de correo de forma permanente y no se puede deshacer.,
Email Template deleted successfully,Plantilla de correo eliminada correctamente,
Error deleting email template,Error al eliminar la plantilla de correo,
Configure the credentials and options for this payment gateway.,Configurá las credenciales y opciones de esta pasarela de pago.,
Choose a payment provider to configure its credentials.,Elegí un proveedor de pagos para configurar sus credenciales.,
Assignments deleted successfully,Tareas eliminadas correctamente,
Course Content coming soon!,¡El contenido del curso estará disponible pronto!,
On demand course video,Video del curso a demanda,
Quiz topic,Tema del cuestionario,
Quiz topics,Temas del cuestionario,
Certificate of completion,Certificado de finalización,
Copy,Copiar,
Cut,Cortar,
Paste,Pegar,
Export failed,Falló la exportación,
Align left,Alinear a la izquierda,
Align center,Alinear al centro,
Align right,Alinear a la derecha,
"Set the discount, validity, and the courses or batches this coupon applies to.","Configurá el descuento, la vigencia y los cursos o programas en vivo a los que aplica este cupón.",
e.g. WELCOME10,por ej. BIENVENIDA10,
Coupon updated successfully,Cupón actualizado correctamente,
Select a lesson on the right to start editing.,Seleccioná una lección a la derecha para empezar a editar.,
Setup Email,Configurar correo,
Choose the email service provider you want to configure.,Elegí el proveedor de correo que querés configurar.,
here,acá,
Email account created,Cuenta de correo creada,
"Failed to create email account, Invalid credentials","No se pudo crear la cuenta de correo, credenciales inválidas",
Not yet open for enrollment.,Todavía no está abierto para inscripción.,
Highlight on the homepage.,Destacar en la página de inicio.,
Self enrollment,Autoinscripción,
Let users enroll themselves.,Permitir que los usuarios se inscriban solos.,
Pricing and certification,Precios y certificación,
Paid course,Curso pago,
Charge learners to enroll in this course.,Cobrarle a los alumnos para inscribirse en este curso.,
Course price,Precio del curso,
Paid certificate,Certificado pago,
Sell an evaluator-graded certificate alongside this free course.,Vendé un certificado calificado por un evaluador junto con este curso gratuito.,
Certificate price,Precio del certificado,
Select evaluator,Seleccionar evaluador,
Certificates render from a Print Format. Build or customize templates from the desk.,Los certificados se generan a partir de un Formato de Impresión. Creá o personalizá plantillas desde el escritorio.,
Manage templates,Gestionar plantillas,
Payments app required,Se requiere la app de Payments,
Get the Payments app,Obtener la app de Payments,
"Selling a paid course or certificate needs the Payments app. Install it from the Frappe Marketplace, then turn on pricing here.",Para vender un curso o certificado pago necesitás la app de Payments. Instalala desde el Frappe Marketplace y después activá los precios acá.,
Email Accounts,Cuentas de correo,
Manage your email accounts and configure incoming and outgoing settings.,Gestioná tus cuentas de correo y configurá los ajustes de entrada y salida.,
This permanently deletes the email account and cannot be undone.,Esto elimina la cuenta de correo de forma permanente y no se puede deshacer.,
Account,Cuenta,
Default Sending & Inbox,Envío y bandeja de entrada predeterminados,
Default Inbox,Bandeja de entrada predeterminada,
Default Sending,Envío predeterminado,
Inbox,Bandeja de entrada,
Email Account deleted successfully,Cuenta de correo eliminada correctamente,
Error deleting email account,Error al eliminar la cuenta de correo,
Add a question to get started.,Agregá una pregunta para empezar.,
Delete this quiz?,¿Eliminar este cuestionario?,
Deleting this quiz permanently removes it and its submissions. This action cannot be undone. Are you sure you want to continue?,Eliminar este cuestionario lo borra de forma permanente junto con sus respuestas. Esta acción no se puede deshacer. ¿Estás seguro de que querés continuar?,
Quiz deleted successfully,Cuestionario eliminado correctamente,
Could not delete the quiz,No se pudo eliminar el cuestionario,
Brand Settings,Configuración de marca,
"Configure your Brand Name, Logo, and Favicon","Configurá el nombre de tu marca, el logo y el favicon",
Set the name of your brand. Appears in the left sidebar.,Definí el nombre de tu marca. Aparece en la barra lateral izquierda.,
Enter Brand Name,Ingresá el nombre de la marca,
No chapters yet,Todavía no hay capítulos,
Create chapter,Crear capítulo,
Chapter renamed successfully,Capítulo renombrado correctamente,
Amount must be a positive number for {0}.,El monto debe ser un número positivo para {0}.,
{0} reply,{0} respuesta,
{0} replies,{0} respuestas,
Select a question to view the thread,Seleccioná una pregunta para ver el hilo,
Back to previous question,Volver a la pregunta anterior,
Next question,Siguiente pregunta,
Untitled Quiz,Cuestionario sin título,
Error creating batch,Error al crear el programa en vivo,
Batch Enrollments,Inscripciones al Programa en vivo,
Batch Evaluator,Evaluador del Programa en vivo,
Batch Feedback,Comentarios del Programa en vivo,
You are not the assigned evaluator for this course and batch.,No sos el evaluador asignado para este curso y programa en vivo.,
Sign In,Iniciar sesión,
Welcome! Please sign in to continue.,¡Bienvenido! Iniciá sesión para continuar.,
Forgot password?,¿Olvidaste tu contraseña?,
Sign Up,Registrarse,
Let's setup your account.,Configuremos tu cuenta.,
"Please enter your email, we'll send you password reset link",Ingresá tu email y te enviamos un enlace para restablecer tu contraseña,
Send Link,Enviar enlace,
Back to sign in,Volver a iniciar sesión,
Please check your email.,Revisá tu email.,
Didn't receive the link?,¿No recibiste el enlace?,
Resend,Reenviar,
Login with password,Iniciar sesión con contraseña,
WhatsApp number is required,El número de WhatsApp es obligatorio,
"Configure system-wide defaults, notifications, and contact information","Configurá los valores predeterminados del sistema, las notificaciones y la información de contacto",
"If enabled, users will no able to move forward in a video","Si está habilitado, los usuarios no podrán adelantar los videos",
"If checked, users will not be able to install the application as a Progressive Web App.","Si está marcado, los usuarios no podrán instalar la aplicación como Progressive Web App.",
"If enabled, it sends google calendar invite to the student for evaluations.","Si está habilitado, envía al estudiante una invitación de Google Calendar para las evaluaciones.",
Notify members when a new course is published.,Notificar a los miembros cuando se publica un curso nuevo.,
Notify members when a new batch is published.,Notificar a los miembros cuando se publica un programa en vivo nuevo.,
Email template sent to students upon batch enrollment confirmation.,Plantilla de email que se envía a los estudiantes al confirmar su inscripción a un programa en vivo.,
Email template sent to students when they earn a certification.,Plantilla de email que se envía a los estudiantes cuando obtienen una certificación.,
Users can reach out to this email for support or inquiries.,Los usuarios pueden escribir a este email para soporte o consultas.,
Users can reach out to this URL for support or inquiries.,Los usuarios pueden acceder a esta URL para soporte o consultas.,
"If enabled, users can post job openings on the job board. Else only admins can post jobs.","Si está habilitado, los usuarios pueden publicar ofertas en la bolsa de trabajo. Si no, solo los administradores pueden publicarlas.",
Allows users to pick a profile cover image from Unsplash. https://unsplash.com/documentation#getting-started.,Permite a los usuarios elegir una imagen de portada de perfil desde Unsplash. https://unsplash.com/documentation#getting-started.,
"Control how lessons are marked complete: dwell time and enforcement toggles for video, quiz, and assignment.","Controlá cómo se marcan como completadas las lecciones: tiempo de permanencia y exigencias para video, cuestionario y tarea.",
Dwell Time,Tiempo de permanencia,
Lesson dwell time (seconds),Tiempo de permanencia en la lección (segundos),
Seconds a learner must stay on a lesson before it auto-marks complete.,Segundos que un estudiante debe permanecer en una lección antes de que se marque como completada automáticamente.,
Enforcement,Exigencias,
Enforce video completion,Exigir completar el video,
"When enabled, lessons that contain a video can only be marked complete by playing the video to the end. If the video fails to load, the dwell timer is used as a fallback.","Si está habilitado, las lecciones con video solo se marcan como completadas al reproducir el video hasta el final. Si el video no carga, se usa el tiempo de permanencia como alternativa.",
Enforce assignment completion,Exigir entregar la tarea,
"When enabled, lessons with an assignment cannot be marked complete until the assignment is submitted.","Si está habilitado, las lecciones con tarea no se pueden marcar como completadas hasta que se entregue la tarea.",
Enforce quiz completion,Exigir completar el cuestionario,
"When enabled, lessons with a quiz cannot be marked complete until the quiz is submitted.","Si está habilitado, las lecciones con cuestionario no se pueden marcar como completadas hasta que se envíe el cuestionario.",
Create badges and assign them to students to acknowledge their achievements,Creá insignias y asignalas a los estudiantes para reconocer sus logros,
Group courses under a category,Agrupá los cursos por categoría,
Accounts,Cuentas,
Manage email accounts for incoming and outgoing mail,Gestioná las cuentas de email para el correo entrante y saliente,
Manage the email templates for your learning system,Gestioná las plantillas de email de tu plataforma de aprendizaje,
User Management,Gestión de usuarios,
"Manage users by adding or inviting them, and assign roles to control their access and permissions","Gestioná usuarios agregándolos o invitándolos, y asigná roles para controlar sus accesos y permisos",
Manage all your payment related settings and defaults,Gestioná toda la configuración y los valores predeterminados de pagos,
Default currency used for course and batch pricing.,Moneda predeterminada para los precios de cursos y programas en vivo.,
"If enabled, it shows the USD equivalent amount for all transactions based on the current exchange rate.","Si está habilitado, muestra el monto equivalente en USD de todas las transacciones según el tipo de cambio actual.",
"If enabled, it applies rounding on the USD equivalent amount.","Si está habilitado, redondea el monto equivalente en USD.",
Payment gateway used to process course and batch purchases.,Pasarela de pago para procesar las compras de cursos y programas en vivo.,
"If enabled, GST will be applied to the price for students from India.","Si está habilitado, se aplica el GST al precio para estudiantes de India.",
"If enabled, it sends payment reminders to students who left the payment incomplete for a batch.","Si está habilitado, envía recordatorios de pago a los estudiantes que dejaron incompleto el pago de un programa en vivo.",
"If enabled, it sends payment reminders to students who left the payment incomplete for a course.","Si está habilitado, envía recordatorios de pago a los estudiantes que dejaron incompleto el pago de un curso.",
Add and manage all your payment gateways,Agregá y gestioná tus pasarelas de pago,
View all your payment transactions,Mirá todas tus transacciones de pago,
Manage discount coupons for courses and batches,Gestioná cupones de descuento para cursos y programas en vivo,
Manage zoom accounts to conduct live classes from batches,Gestioná cuentas de Zoom para dar clases en vivo desde los programas en vivo,
Manage Google Meet accounts to conduct live classes from batches,Gestioná cuentas de Google Meet para dar clases en vivo desde los programas en vivo,
"Automatically add your students and staff to Raven channels, by your own rules","Agregá automáticamente a tus estudiantes y equipo a canales de Raven, según tus propias reglas",
Customize the brand name and logo to make the application your own,Personalizá el nombre de la marca y el logo para que la aplicación sea tuya,
Choose the items you want to show in the sidebar,Elegí qué elementos mostrar en la barra lateral,
Show the Courses link in the sidebar.,Mostrar el enlace a Cursos en la barra lateral.,
Show the Batches link in the sidebar.,Mostrar el enlace a En vivo en la barra lateral.,
Show the Programming Exercises link in the sidebar.,Mostrar el enlace a Ejercicios de programación en la barra lateral.,
Show the Certifications link in the sidebar.,Mostrar el enlace a Certificaciones en la barra lateral.,
Show the Jobs link in the sidebar.,Mostrar el enlace a Empleos en la barra lateral.,
Show the Statistics link in the sidebar.,Mostrar el enlace a Estadísticas en la barra lateral.,
Show the Notifications link in the sidebar.,Mostrar el enlace a Notificaciones en la barra lateral.,
Manage the settings related to user signup and registration,Gestioná la configuración del registro de usuarios,
Enable this option to identify the user category during signup.,Habilitá esta opción para identificar la categoría del usuario durante el registro.,
New users will have to be manually registered by Admins.,Los usuarios nuevos tendrán que ser registrados manualmente por los administradores.,
"Custom HTML shown on the signup page, e.g. for consent notices or terms of service.","HTML personalizado que se muestra en la página de registro, por ejemplo para avisos de consentimiento o términos del servicio.",
Manage the SEO settings to improve your website ranking on search engines,Gestioná la configuración de SEO para mejorar el posicionamiento de tu sitio en los buscadores,
This description will be shown on lists and pages that don't have meta description,Esta descripción se muestra en listas y páginas que no tienen meta descripción,
Comma separated keywords for search engines to find your website.,Palabras clave separadas por comas para que los buscadores encuentren tu sitio.,
Default social-share image used when pages lack their own meta image.,Imagen predeterminada para compartir en redes cuando una página no tiene su propia imagen.,
Colour mode,Modo de color,
Pages,Páginas,
Enforce Assignment Completion,Exigir entregar la tarea,
Enforce Quiz Completion,Exigir completar el cuestionario,
Enforce Video Completion,Exigir completar el video,
Lesson Dwell Time (seconds),Tiempo de permanencia en la lección (segundos),
Lesson Dwell Time must be at least 1 second.,El tiempo de permanencia en la lección debe ser de al menos 1 segundo.,
